id,file_name,label,brand,model,year,fuel_type,body_type,risk,condition,duration,description,class,matched_path,vehicle_group,split_assigned
1,belt-001,surpentine belt squeal ,Toyota,Corolla,2012,Gasoline,Sedan,Medium,Engine running; noise occurs at startup and while driving; not braking.,5 sec ,"2012 Toyota Corolla (165k miles). After replacing the serpentine belt, a scratching noise occurs at startup and a chirping noise is heard while driving. No warning lights or power loss",belt,C:\Users\hp\Desktop\car_test\belt\belt-cut\belt_001_cut.wav,belt_toyota_corolla_2012,train
2,belt-002,surpentine belt squeal ,Chevrolet,Impala,2010,Gasoline,Sedan,Medium,Idling,5 sec ,Noise from the serpentine belt area.,belt,C:\Users\hp\Desktop\car_test\belt\belt-cut\belt_002_cut.wav,belt_chevrolet_impala_2010,train
3,belt-003,surpentine belt squeal ,Ford,Fiesta,2015,Gasoline,Hatchback,Low,Engine running,5 sec,"Intermittent noise from the serpentine belt area, becoming more frequent over the past month.",belt,C:\Users\hp\Desktop\car_test\belt\belt-cut\belt_003_cut.wav,belt_ford_fiesta_2015,test
4,belt-004,Serpentine belt / pulley noise,Pontiac,G6 3.6,2008,Gasoline,Sedan,Medium,Engine running; abnormal noise present,5 sec,2008 Pontiac G6 3.6 with a suspected serpentine belt or pulley-related noise. The 3.6L engine in this model is gasoline-powered. (Fuel type confirmed from 2008 Pontiac G6 specifications),belt,C:\Users\hp\Desktop\car_test\belt\belt-cut\belt_004_cut.wav,belt_pontiac_g6 3.6_2008,train
5,belt-005,Serpentine Belt,Honda,CR-V B20,1999,Gasoline,SUV,Low,Idling,5 sec ,Suspected power steering or loose serpentine belt noise.,belt,C:\Users\hp\Desktop\car_test\belt\belt-cut\belt_005_cut.wav,belt_honda_cr-v b20_1999,train
6,belt-006,Squeaking/Chirping noise,SEAT,Tarraco 1.5 TSI,2019,Gasoline,SUV/Crossover,Medium,"Engine warm after 30+ min drive; noise at 1800–2000 RPM, also during reversing and pulling away",5 sec,"Squeaking/chirping noise occurs after the engine warms up. The serpentine belt was recently replaced, but the intermittent noise remains.",belt,C:\Users\hp\Desktop\car_test\belt\belt-cut\belt_006_cut.wav,belt_seat_tarraco 1.5 tsi_2019,train
7,belt-007,Serpentine belt / tensioner noise,Mercedes-Benz,GLA 250 4MATIC,2015,Gasoline,SUV/Crossover,Medium,Engine running; abnormal noise from the accessory belt area,5 sec,2015 Mercedes-Benz GLA 250 4MATIC (154k miles) with an engine noise suspected to be caused by the serpentine belt or belt tensioner.,belt,C:\Users\hp\Desktop\car_test\belt\belt-cut\belt_007_cut.wav,belt_mercedes-benz_gla 250 4matic_2015,train
8,belt-008,surpentine belt squeal ,Acura,TL,2014,Gasoline,Sedan,High,Engine running; pulley visibly shaking with knocking noise,4 sec,2014 Acura TL with a knocking noise caused by a visibly shaking serpentine belt pulley. User is asking whether it requires repair or is an easy fix.,belt,C:\Users\hp\Desktop\car_test\belt\belt-cut\belt_008_cut.wav,belt_acura_tl_2014,train
9,belt-009,Serpentine belt rattling,Chevrolet,Malibu,2015,Gasoline,Sedan,Medium,Engine running; rattling noise increases with engine revving; no change with A/C,5 sec,2015 Chevrolet Malibu with a rattling noise around the serpentine belt area that becomes louder when the engine is revved.,belt,C:\Users\hp\Desktop\car_test\belt\belt-cut\belt_009_cut.wav,belt_chevrolet_malibu_2015,test
10,belt-010,Belt-related engine noise,Chevrolet,Monte Carlo LT,2006,Gasoline,Coupe,Medium,Engine running; noise becomes louder near the belt area,5 sec,"2006 Chevrolet Monte Carlo LT (100k miles) with a belt-area noise, suspected to originate from the serpentine or timing belt.",belt,C:\Users\hp\Desktop\car_test\belt\belt-cut\belt_010_cut.wav,belt_chevrolet_monte carlo lt_2006,test
11,belt-011,Serpentine belt squealing,Toyota,Corolla CE,2006,Gasoline,Sedan,Medium,Engine running; squealing noise appeared after alternator replacement,3 sec,"2006 Toyota Corolla CE with a new squealing noise after alternator replacement, suspected to be caused by a loose serpentine belt or a faulty tensioner pulley.",belt,C:\Users\hp\Desktop\car_test\belt\belt-cut\belt_011_cut.wav,belt_toyota_corolla ce_2006,train
12,belt-012,Serpentine belt pulley noise,Acura,TL,2007,Gasoline,Sedan,Medium,Cold start; loud pulley noise that temporarily disappears after manually rotating the serpentine belt pulley,5 sec,2007 Acura TL with an intermittent loud noise from the serpentine belt pulley system during cold starts. The noise temporarily stops after manually turning the pulley.,belt,C:\Users\hp\Desktop\car_test\belt\belt-cut\belt_012_cut.wav,belt_acura_tl_2007,train
13,belt-013,Serpentine belt / pulley issue,Subaru,Forester,2009,Gasoline,SUV/Crossover,high ,"Engine running; loud screeching during hard turns, especially at low speeds and while reversing",5 sec,"2009 Subaru Forester (135k miles) with loud screeching and jerky steering during hard turns, suggesting a possible serpentine belt, pulley, or power steering-related issue.",belt,C:\Users\hp\Desktop\car_test\belt\belt-cut\belt_013_cut.wav,belt_subaru_forester_2009,train
14,belt-014,Serpentine belt noise,Honda,Accord (4-cylinder),2007,Gasoline,Sedan,Medium,Engine running; abnormal belt noise,5 sec,2007 Honda Accord 4-cylinder with a sudden serpentine belt-related noise. User suspects the belt may need replacement and asks if the repair is urgent.,belt,C:\Users\hp\Desktop\car_test\belt\belt-cut\belt_014_cut.wav,belt_honda_accord (4-cylinder)_2007,train
15,belt-015,Serpentine belt area clicking/rattling,Mazda,Protegé5,2002 / 2003,Gasoline,Hatchback/Wagon,Medium,Engine idling; constant clicking/rattling that speeds up with acceleration,5 sec,"2002/2003 Mazda Protegé5 with a constant clicking/rattling noise from the serpentine belt area, increasing in frequency with engine RPM.",belt,C:\Users\hp\Desktop\car_test\belt\belt-cut\belt_015_cut.wav,belt_mazda_protegé5_2002 / 2003,train
16,belt-016,Serpentine belt area noise,Toyota,Highlander V6,2008,Gasoline,SUV,Medium,Engine running; abnormal noise from the serpentine belt area,5 sec,"2008 Toyota Highlander V6 with an abnormal noise from the serpentine belt area, suggesting a worn belt or accessory pulley component.",belt,C:\Users\hp\Desktop\car_test\belt\belt-cut\belt_016_cut.wav,belt_toyota_highlander v6_2008,train
17,belt-017,Serpentine Belt,Unknown,Unknown,Unknown,Unknown,Unknown,Medium,Idling,5 sec,Intermittent belt-area noise with no visible belt damage.,belt,C:\Users\hp\Desktop\car_test\belt\belt-cut\belt_017_cut.wav,__unique_belt_16,train
18,belt-018,surpentine belt squeal ,Chevrolet,Sonic,2015,Gasoline,Sedan/Hatchback,Medium,Engine running; abnormal noise persists after water pump and serpentine belt replacement,5 sec,2015 Chevrolet Sonic with an engine noise that remains after replacing the water pump and serpentine belt.,belt,C:\Users\hp\Desktop\car_test\belt\belt-cut\belt_018_cut.wav,belt_chevrolet_sonic_2015,val
19,belt-019,Pulley,Kia,Soul,2018,Gasoline,Hatchback,Medium,Idling,5 sec,Clacking noise from the serpentine belt area.,belt,C:\Users\hp\Desktop\car_test\belt\belt-cut\belt_019_cut.wav,belt_kia_soul_2018,train
20,belt-020,Clicking and whirring noise,Volvo,S80 T6,2010,Gasoline,Sedan,Medium,Engine running; clicking and whirring noise changes with RPM,5 sec,"2010 Volvo S80 T6 with clicking and whirring noises near the serpentine belt area. The noise varies with engine RPM, and the vehicle also has an EVAP system fault code.",belt,C:\Users\hp\Desktop\car_test\belt\belt-cut\belt_020_cut.wav,belt_volvo_s80 t6_2010,train
21,belt-021,Belt squeal,BMW,325Ci (E46),2000,Gasoline,Coupe,Medium,Engine running; persistent belt squeal after belt and tensioner replacement,5 sec,"2000 BMW 325Ci (E46) with a persistent belt squeal despite replacing the serpentine belt and tensioner, suggesting a possible belt fitment or tensioner issue.",belt,C:\Users\hp\Desktop\car_test\belt\belt-cut\belt_021_cut.wav,belt_bmw_325ci (e46)_2000,train
22,belt-022,surpentine belt squeal ,Chevrolet,Malibu LTZ,2015,Gasoline,Sedan,Medium,Engine running; whistling noise increases with acceleration and may decrease at idle,5 sec,"2015 Chevrolet Malibu LTZ with a belt-area noise and an airy whistle during acceleration, suspected to be caused by the serpentine belt or a vacuum leak.",belt,C:\Users\hp\Desktop\car_test\belt\belt-cut\belt_022_cut.wav,belt_chevrolet_malibu ltz_2015,val
23,belt-023,Engine tapping noise,Toyota,Camry 2.5,2015,Gasoline,Sedan,Medium,"Engine idling; tapping noise audible in the background, independent of the recently replaced belt tensioner",5 sec,"2015 Toyota Camry 2.5 with a persistent tapping noise, suspected to be valvetrain (lifter tick) rather than the serpentine belt tensioner, which was recently replaced.",belt,C:\Users\hp\Desktop\car_test\belt\belt-cut\belt_023_cut.wav,belt_toyota_camry 2.5_2015,train
24,belt-024,Belt area noise after replacement,Nissan,Sentra,2015,Gasoline,Sedan,Medium,Engine running; abnormal noise began after serpentine belt and alternator replacement,5 sec,"2015 Nissan Sentra with a new belt-area noise after replacing the serpentine belt and alternator, possibly caused by a pulley bearing or belt tension issue.",belt,C:\Users\hp\Desktop\car_test\belt\belt-cut\belt_024_cut.wav,belt_nissan_sentra_2015,val
25,belt-025,Pulley and serpentine belt noise,Scion,tC,2014,Gasoline,Coupe,Low,Engine idling; user checking if pulley and serpentine belt noise is normal,5 sec,"2014 Scion tC (2AR-FE, manual) with a pulley/serpentine belt noise. User is asking whether the sound is normal.",belt,C:\Users\hp\Desktop\car_test\belt\belt-cut\belt_025_cut.wav,belt_scion_tc_2014,train
26,belt-026,Timing Belt,Toyota,4.7 V8,-,Gasoline,SUV,High,Idling,7 sec,"Noise remained after serpentine belt removal, suggesting timing-related issue.",belt,C:\Users\hp\Desktop\car_test\belt\belt-cut\belt_026_cut.wav,belt_toyota_4.7 v8_-,test
27,belt-027,Serpentine belt squeal,Ford,Fusion SE 2.3L,2006,Gasoline,Sedan,Medium,Engine running; squealing becomes louder while turning the steering wheel after the car sat unused for 2 years,5 sec,2006 Ford Fusion SE 2.3L with a squealing serpentine belt after sitting idle for two years. The noise becomes louder when turning the steering wheel.,belt,C:\Users\hp\Desktop\car_test\belt\belt-cut\belt_027_cut.wav,belt_ford_fusion se 2.3l_2006,train
28,belt-028,Pulley,Unknown,Unknown,Unknown,Unknown,Unknown,Medium,Idling,7 sec,Noise persisted after belt replacement; suspected pulley issue.,belt,C:\Users\hp\Desktop\car_test\belt\belt-cut\belt_028_cut.wav,__unique_belt_27,test
29,belt-029,surpentine belt squeal ,Chrysler,Town & Country,2001,Gasoline,Minivan,Medium,Engine running; abnormal noise near the A/C bypass pulley and alternator after repairs,5 sec,"2001 Chrysler Town & Country with a persistent accessory belt-area noise after replacing the power steering pump, serpentine belt, and A/C bypass pulley.",belt,C:\Users\hp\Desktop\car_test\belt\belt-cut\belt_029_cut.wav,belt_chrysler_town & country_2001,train
30,belt-030,Serpentine belt squeal,Honda,Pilot,2006,Gasoline,SUV,Medium,Engine running; intermittent squealing and tapping with a possibly misaligned pulley,5 sec,2006 Honda Pilot with intermittent serpentine belt squealing and tapping. The user suspects a misaligned pulley.,belt,C:\Users\hp\Desktop\car_test\belt\belt-cut\belt_030_cut.wav,belt_honda_pilot_2006,train
31,belt-031,New serpentine belt noise,Unknown,Unknown,Unknown,Unknown,Unknown,low,Engine running; new serpentine belt is louder than the old one after replacement,5 sec,Newly installed serpentine belt produces more noise than the old belt after replacement.,belt,C:\Users\hp\Desktop\car_test\belt\belt-cut\belt_031_cut.wav,__unique_belt_30,train
32,belt-032,surpentine belt squeal ,Hyundai,Genesis Coupe 2.0T,2014,Gasoline,Coupe,Medium,Cold start; loud startup noise that disappears after idle and slightly returns during cold acceleration,5 sec,2014 Hyundai Genesis Coupe 2.0T with a cold-start noise suspected to come from the serpentine belt.,belt,C:\Users\hp\Desktop\car_test\belt\belt-cut\belt_032_cut.wav,belt_hyundai_genesis coupe 2.0t_2014,train
33,belt-033,surpentine belt squeal ,Hyundai,Sonata GLS,2017,Gasoline,Sedan,Medium,Cold start; squealing occurs during initial startup and first few minutes of driving in cold weather,5 sec,2017 Hyundai Sonata GLS with a cold-start serpentine belt squeal that disappears after the engine warms up.,belt,C:\Users\hp\Desktop\car_test\belt\belt-cut\belt_033_cut.wav,belt_hyundai_sonata gls_2017,val
34,belt-034,surpentine belt squeal ,Nissan,Frontier SV V6,2013,Gasoline,Pickup,Medium,Engine running; abnormal belt-related noise,5 sec,2013 Nissan Frontier SV V6 with a suspected serpentine belt noise. User is asking whether the belt should be replaced immediately.,belt,C:\Users\hp\Desktop\car_test\belt\belt-cut\belt_034_cut.wav,belt_nissan_frontier sv v6_2013,val
35,belt-035,surpentine belt squeal ,Acura,TL,Unknown,Gasoline,Sedan,Medium,Engine running; abnormal noise causing confusion between timing belt and serpentine belt system,5 sec,"Acura TL with engine noise suspected to be either timing belt or serpentine belt-related, indicating uncertainty in accessory drive diagnosis.",belt,C:\Users\hp\Desktop\car_test\belt\belt-cut\belt_035_cut.wav,__unique_belt_34,test
36,belt-036,surpentine belt squeal ,Chevrolet,Silverado 1500,2016,Gasoline,Pickup,Medium,Engine running; abnormal noise near the serpentine belt area,5 sec,2016 Chevrolet Silverado 1500 with an abnormal noise coming from the serpentine belt area.,belt,C:\Users\hp\Desktop\car_test\belt\belt-cut\belt_036_cut.wav,belt_chevrolet_silverado 1500_2016,train
37,belt-037,Serpentine belt circuit rattle,Honda,CR-V,2005,Gasoline,SUV,High,Engine running; loud rattle disappears when the serpentine belt is removed,5 sec,"2005 Honda CR-V with a loud rattle from the serpentine belt system, likely related to an accessory pulley or alternator bearing.",belt,C:\Users\hp\Desktop\car_test\belt\belt-cut\belt_037_cut.wav,belt_honda_cr-v_2005,test
38,belt-038,Belt Tensioner,Toyota,Camry 2.5,2021,Gasoline,Sedan,Low,Idling,7 sec,Rattling noise near serpentine belt tensioner.,belt,C:\Users\hp\Desktop\car_test\belt\belt-cut\belt_038_cut.wav,belt_toyota_camry 2.5_2021,train
39,belt-039,surpentine belt squeal ,Subaru,Outback,2013,Gasoline,Wagon/Crossover,Medium,"Engine running; squeaking that temporarily disappears with water test, slight belt misalignment observed",5 sec,2013 Subaru Outback with serpentine belt squeaking that stops briefly when wet; slight belt misalignment and minor pulley movement suspected.,belt,C:\Users\hp\Desktop\car_test\belt\belt-cut\belt_039_cut.wav,belt_subaru_outback_2013,train
40,belt-040,surpentine belt squeal ,Unknown,Unknown,Unknown,Unknown,Unknown,low,Engine running; slight ticking noise after serpentine belt replacement,5 sec,"Engine squealing was fixed after serpentine belt replacement, but a new slight ticking sound appeared afterward, possibly indicating alignment or pulley noise.",belt,C:\Users\hp\Desktop\car_test\belt\belt-cut\belt_040_cut.wav,__unique_belt_39,train
41,belt-041,surpentine belt squeal ,Mazda,3 Sport,2009,Gasoline,Hatchback,low,Engine running; hissing sound near serpentine belt/pulley area after engine replacement,5 sec,"2009 Mazda 3 Sport with a hissing noise coming from the serpentine belt side of the engine shortly after an engine replacement. Possible belt, pulley, or vacuum/exhaust-related issue.",belt,C:\Users\hp\Desktop\car_test\belt\belt-cut\belt_041_cut.wav,belt_mazda_3 sport_2009,train
42,belt-042,surpentine belt squeal ,Unknown,Unknown,Unknown,Unknown,Unknown,Medium,Engine running; abnormal “marbling” sound from engine front/serpentine belt area,5 sec,Vehicle making a marbling-type noise suspected to be from the serpentine belt or accessory drive system.,belt,C:\Users\hp\Desktop\car_test\belt\belt-cut\belt_042_cut.wav,__unique_belt_41,train
43,belt-043,Tensioner bouncing under load,Mitsubishi,Galant,2011,Gasoline,Sedan,High,Engine under load at low RPM; tensioner visibly bouncing and belt slipping after new parts installed,5 sec,"2011 Mitsubishi Galant with new tensioner, idler pulley, and belt, but belt slips and tensioner bounces under load at low RPM, suggesting possible installation or accessory drive issue.",belt,C:\Users\hp\Desktop\car_test\belt\belt-cut\belt_043_cut.wav,belt_mitsubishi_galant_2011,val
44,belt-044,surpentine belt squeal ,Mazda,CX-5,2018,Gasoline,SUV,low,Engine running; user checking for abnormal belt noise after replacement at 50k km,5 sec,2018 Mazda CX-5 with serpentine belt replaced at 50k km; user reports normal operation and asks if sound is abnormal.,belt,C:\Users\hp\Desktop\car_test\belt\belt-cut\belt_044_cut.wav,belt_mazda_cx-5_2018,train
45,belt-045,surpentine belt squeal ,Unknown,Unknown,Unknown,Unknown,Unknown,high,Engine running; noise persists after water pump and serpentine belt replacement,5 sec,Car continues making noise even after multiple repairs including belt and water pump replacement.,belt,C:\Users\hp\Desktop\car_test\belt\belt-cut\belt_045_cut.wav,__unique_belt_44,test
46,belt-046,Engine stalling issue,Buick,LeSabre,1998,Gasoline,Sedan,High,Intermittent stalling at low speed/turns; electrical flicker noted,5 sec,1998 Buick LeSabre stalling intermittently; user suspects alternator or belt-related electrical issue.,belt,C:\Users\hp\Desktop\car_test\belt\belt-cut\belt_046_cut.wav,belt_buick_lesabre_1998,test
47,belt-047,surpentine belt squeal ,Acura,RDX,2009,Gasoline,SUV/Crossover,Medium,Cold start squeak that disappears with water spray,5 sec,2009 Acura RDX with cold-start serpentine belt squeak that temporarily disappears when sprayed with water.,belt,C:\Users\hp\Desktop\car_test\belt\belt-cut\belt_047_cut.wav,belt_acura_rdx_2009,train
48,belt-048,surpentine belt squeal ,Chevrolet,Lumina,1999,Gasoline,Sedan,High,Engine running; grinding noise from pulley area after long storage,5 sec,1999 Chevrolet Lumina with grinding noise from serpentine belt pulley system after sitting for 2 years.,belt,C:\Users\hp\Desktop\car_test\belt\belt-cut\belt_048_cut.wav,belt_chevrolet_lumina_1999,train
49,belt-049,Belt vibration noise,Opel,Meriva B,Unknown,Gasoline,MPV/Minivan,High,Engine idling; belt visibly vibrating and noise worsens with AC load,5 sec ,Opel Meriva B showing strong serpentine belt vibration and diesel-like noise at idle.,belt,C:\Users\hp\Desktop\car_test\belt\belt-cut\belt_049_cut.wav,__unique_belt_48,val
50,belt-050,Loud belt area noise,Unknown,Unknown,Unknown,Unknown,Unknown,High,Engine cold start; noise increases and becomes more extreme over time,2 sec ,"Vehicle producing increasingly loud serpentine belt area noise, worse than previous occurrences.",belt,C:\Users\hp\Desktop\car_test\belt\belt-cut\belt_050_cut.wav,__unique_belt_49,train
51,belt-051,Bearing Noise,Toyota,Crown 2.0L I6 (1GE-U),1986,Gasoline,Sedan,Medium,Warm Idle,7 sec,"Repetitive chirping after warm-up, suspected bearing issue.",belt,C:\Users\hp\Desktop\car_test\belt\belt-cut\belt_051_cut.wav,belt_toyota_crown 2.0l i6 (1ge-u)_1986,train
52,belt-052,surpentine belt squeal ,BMW,X5 xDrive35i,2014,Gasoline,SUV,Medium,Low-speed squealing and occasional post-park noise,5 sec ,2014 BMW X5 with serpentine belt squealing at low speeds and after parking.,belt,C:\Users\hp\Desktop\car_test\belt\belt-cut\belt_052_cut.wav,belt_bmw_x5 xdrive35i_2014,val
53,belt-053,Serpentine Belt,Ford,Ranger XLT,2000,Gasoline,Pickup Truck,Medium,Idling,7 sec,Persistent belt chirp despite belt and idler replacement.,belt,C:\Users\hp\Desktop\car_test\belt\belt-cut\belt_053_cut.wav,belt_ford_ranger xlt_2000,train
54,belt-054,surpentine belt squeal ,Honda,Accord 2.4L,2011,Gasoline,Sedan,Low,Engine running; user verifying if belt sound is normal,5 sec ,2011 Honda Accord with user questioning whether serpentine belt noise is normal.,belt,C:\Users\hp\Desktop\car_test\belt\belt-cut\belt_054_cut.wav,belt_honda_accord 2.4l_2011,train
55,belt-055,surpentine belt squeal ,Unknown,Unknown,Unknown,Unknown,Unknown,Medium,Engine running; rattling from passenger side after serpentine belt replacement,5 sec ,Rattling noise from passenger side engine area that started after serpentine belt replacement.,belt,C:\Users\hp\Desktop\car_test\belt\belt-cut\belt_055_cut.wav,__unique_belt_54,train
56,belt-056,surpentine belt squeal ,Honda,CR-V,2007,Gasoline,SUV,Low,Engine running; belt noise check after recent replacement,5 sec ,2007 Honda CR-V with serpentine belt recently replaced; user verifying if engine noise is normal.,belt,C:\Users\hp\Desktop\car_test\belt\belt-cut\belt_056_cut.wav,belt_honda_cr-v_2007,train
57,belt-057,Belt Tensioner,Honda,Odyssey 3.5L V6,Unknown,Gasoline,Minivan,Medium,Idling,7 sec,Chirping and ticking after serpentine belt and tensioner repair.,belt,C:\Users\hp\Desktop\car_test\belt\belt-cut\belt_057_cut.wav,__unique_belt_56,train
58,belt-058,Belt side noise check,Ford,Escape 2.5L I4,2012,Gasoline,SUV/Crossover,Medium,"Engine running; noise from serpentine belt area, diagnosis request",5 sec ,2012 Ford Escape with suspected belt or tensioner noise from accessory drive system.,belt,C:\Users\hp\Desktop\car_test\belt\belt-cut\belt_058_cut.wav,belt_ford_escape 2.5l i4_2012,train
59,belt-059,Clicking after belt replacement,Unknown,Unknown,Unknown,Unknown,Unknown,High,Engine running; clicking sound after serpentine belt and pulley replacement,5 sec ,"Clicking noise appeared after replacing serpentine belt and tensioner pulley, possibly installation or bearing issue.",belt,C:\Users\hp\Desktop\car_test\belt\belt-cut\belt_059_cut.wav,__unique_belt_58,test
60,belt-060,surpentine belt squeal ,Toyota,RAV4,2001,Gasoline,SUV/Crossover,Medium,Cold start; noise appears briefly then fades as engine warms,5 sec ,2001 Toyota RAV4 with short-lived noise at startup coming from serpentine belt area that decreases after warming up.,belt,C:\Users\hp\Desktop\car_test\belt\belt-cut\belt_060_cut.wav,belt_toyota_rav4_2001,test
61,belt-061,surpentine belt squeal ,Nissan,Versa S,2008,Gasoline,Sedan,Medium,Extremely cold start (-30°C); loud noise that reduces after warm-up,5 sec ,2008 Nissan Versa with loud serpentine belt area noise in extreme cold that improves after warming.,belt,C:\Users\hp\Desktop\car_test\belt\belt-cut\belt_061_cut.wav,belt_nissan_versa s_2008,train
62,belt-062,Harmonic Balancer,Chevrolet,Express 2500 6.0,2019,Gasoline,Van,Medium,Idling,7 sec,Belt chirp associated with possible crankshaft damper wobble.,belt,C:\Users\hp\Desktop\car_test\belt\belt-cut\belt_062_cut.wav,belt_chevrolet_express 2500 6.0_2019,train
63,belt-063,Alternator Belt,Renault,Megane III 1.6 16V K4M,2013,Gasoline,Hatchback,Medium,Warm Engine,7 sec,Suspected alternator belt noise with additional rear rattling sound.,belt,C:\Users\hp\Desktop\car_test\belt\belt-cut\belt_063_cut.wav,belt_renault_megane iii 1.6 16v k4m_2013,train
64,belt-064,Hydraulic Tensioner,Mazda,CX-5 Skyactiv-G,2022,Gasoline,SUV,Medium,Idling / Deceleration,7 sec,Rhythmic clacking from alternator and belt drive area.,belt,C:\Users\hp\Desktop\car_test\belt\belt-cut\belt_064_cut.wav,belt_mazda_cx-5 skyactiv-g_2022,train
65,belt-065,Engine Rattle,Dodge,Charger V6,2019,Gasoline,Sedan,Medium,Idle / Light Acceleration,7 sec,Engine-area rattling noise with normal vehicle performance.,belt,C:\Users\hp\Desktop\car_test\belt\belt-cut\belt_065_cut.wav,belt_dodge_charger v6_2019,val
66,belt-066,Belt noise fades after warm-up,Kia,Forte,2010,Gasoline,Sedan,Medium,Cold start; noise disappears after ~5 minutes,5 sec ,2010 Kia Forte with serpentine belt-related noise that fades after warm-up.,belt,C:\Users\hp\Desktop\car_test\belt\belt-cut\belt_066_cut.wav,belt_kia_forte_2010,train
67,belt-067,Tensioner chatter,Mazda,Mazda6 3.7L,2009,Gasoline,Sedan,High,Cold start; intermittent vibration after new belt/tensioner install,5 sec ,2009 Mazda6 with intermittent serpentine belt tensioner chatter after replacement.,belt,C:\Users\hp\Desktop\car_test\belt\belt-cut\belt_067_cut.wav,belt_mazda_mazda6 3.7l_2009,train
68,belt-068,Belt Tensioner,Unknown,Unknown,Unknown,Unknown,Unknown,Medium,Idling,5 sec ,Loud new noise after water pump replacement; suspected tensioner failure.,belt,C:\Users\hp\Desktop\car_test\belt\belt-cut\belt_068_cut.wav,__unique_belt_67,train
69,belt-069,Belt Tensioner,Unknown,Unknown,Unknown,Unknown,Unknown,Low,Idling,5 sec ,Chirping noise with slight tensioner wobble after belt replacement.,belt,C:\Users\hp\Desktop\car_test\belt\belt-cut\belt_069_cut.wav,__unique_belt_68,val
70,belt-070,Squeal not belt,Unknown,Unknown,Unknown,Unknown,Unknown,Medium,Engine running; squeal suspected not from serpentine belt,5 sec ,Engine bay squeal suspected to originate outside serpentine belt system.,belt,C:\Users\hp\Desktop\car_test\belt\belt-cut\belt_070_cut.wav,__unique_belt_69,train
71,belt-071,surpentine belt squeal ,Toyota,Camry V6 3.5L,2008,Gasoline,Sedan,Medium,Cold start; noise disappears after warming,5 sec ,2008 Toyota Camry V6 with serpentine belt area noise on cold start.,belt,C:\Users\hp\Desktop\car_test\belt\belt-cut\belt_071_cut.wav,belt_toyota_camry v6 3.5l_2008,train
72,belt-072,Pulley Bearing,Chevrolet,Silverado 1500 5.3,2018,Gasoline,Pickup Truck,Low,Idle / Acceleration,7 sec,Squeaking or chirping likely from pulley or bearing.,belt,C:\Users\hp\Desktop\car_test\belt\belt-cut\belt_072_cut.wav,belt_chevrolet_silverado 1500 5.3_2018,test
73,belt-073,Alternator Bearing,Unknown,Unknown,Unknown,Unknown,Unknown,Medium,Idling,5 sec ,Loud squealing noise suspected from alternator bearing or tensioner pulley.,belt,C:\Users\hp\Desktop\car_test\belt\belt-cut\belt_073_cut.wav,__unique_belt_72,val
74,belt-074,Belt Tensioner,Hyundai,Accent,2012,Gasoline,Sedan,Low,Idling,7 sec,Noise after AC compressor and belt replacement; suspected incorrect belt tension.,belt,C:\Users\hp\Desktop\car_test\belt\belt-cut\belt_074_cut.wav,belt_hyundai_accent_2012,train
75,belt-075,surpentine belt squeal ,Ford,F-250,2002,Diesel,Pickup (Heavy Duty),Low,Engine running; diagnostic learning post,5 sec ,2002 Ford F-250 7.3L Diesel with serpentine belt diagnostic learning video.,belt,C:\Users\hp\Desktop\car_test\belt\belt-cut\belt_075_cut.wav,belt_ford_f-250_2002,train
76,belt-076,Serpentine Belt,Honda,Accord 2.4L,2014,Gasoline,Sedan,Low,Idling,7 sec,Checking engine sound after serpentine belt replacement.,belt,C:\Users\hp\Desktop\car_test\belt\belt-cut\belt_076_cut.wav,belt_honda_accord 2.4l_2014,val
77,belt-077,Pulley Bearing,Mazda,Mazda6,2010,Gasoline,Sedan,Medium,Idling,7 sec,Chirping remained after belt and tensioner replacement.,belt,C:\Users\hp\Desktop\car_test\belt\belt-cut\belt_077_cut.wav,belt_mazda_mazda6_2010,train
78,belt-078,Belt pulley rattle,Honda,Pilot,2006,Gasoline,SUV,High,Engine running; rattling near pulley area,5 sec ,2006 Honda Pilot with rattling from serpentine belt pulley area.,belt,C:\Users\hp\Desktop\car_test\belt\belt-cut\belt_078_cut.wav,belt_honda_pilot_2006,train
79,belt-079,surpentine belt squeal ,Honda,Civic Si,-,Gasoline,Coupe/Sedan,High,Engine running; knocking and whining after pulley replacement,5 sec ,Honda Civic Si with worsening belt/pulley noise after recent repairs.,belt,C:\Users\hp\Desktop\car_test\belt\belt-cut\belt_079_cut.wav,belt_honda_civic si_-,train
80,belt-080,surpentine belt squeal ,Mitsubishi,Eclipse GS,2008,Gasoline,Coupe,Medium,Engine running; new noise after belt replacement,5 sec ,2008 Mitsubishi Eclipse GS with new noise after serpentine belt replacement.,belt,C:\Users\hp\Desktop\car_test\belt\belt-cut\belt_080_cut.wav,belt_mitsubishi_eclipse gs_2008,train
81,belt-081,surpentine belt squeal ,Toyota,Camry,2001,Gasoline,Sedan,High,Engine running; loud squeal after multiple belt replacements,5 sec ,2001 Toyota Camry with loud squeal after replacing multiple belts.,belt,C:\Users\hp\Desktop\car_test\belt\belt-cut\belt_081_cut.wav,belt_toyota_camry_2001,val
82,belt-082,surpentine belt squeal ,Chevrolet,Colorado 3.6L,2016,Gasoline,Pickup (Mid-size),Medium,Engine running; squeak near alternator side,5 sec ,2016 Chevrolet Colorado with intermittent squeak possibly from alternator or serpentine belt.,belt,C:\Users\hp\Desktop\car_test\belt\belt-cut\belt_082_cut.wav,belt_chevrolet_colorado 3.6l_2016,val
83,belt-083,Belt wear noise,Ford,Mustang GT,2012,Gasoline,Coupe,Low,Engine running; sanding noise from belt area,5 sec ,2012 Ford Mustang GT with suspected serpentine belt wear noise.,belt,C:\Users\hp\Desktop\car_test\belt\belt-cut\belt_083_cut.wav,belt_ford_mustang gt_2012,val
84,belt-084,Belt Tensioner,Subaru,Unknown,Unknown,Gasoline,Sedan,High,Idling,7 sec,Suspected belt tensioner noise rather than rod knock.,belt,C:\Users\hp\Desktop\car_test\belt\belt-cut\belt_084_cut.wav,__unique_belt_83,train
85,belt-085,Persistent squeal issue,Acura,TL,2006,Gasoline,Sedan,High,Engine running; squealing persists after multiple repairs,5 sec ,2006 Acura TL with unresolved serpentine belt squealing despite part replacements.,belt,C:\Users\hp\Desktop\car_test\belt\belt-cut\belt_085_cut.wav,belt_acura_tl_2006,train
86,belt-086,Pulley Bearing,Unknown,Unknown,Unknown,Unknown,Unknown,Medium,Idling,7 sec,Engine bay chirping with drive belt appearing normal.,belt,C:\Users\hp\Desktop\car_test\belt\belt-cut\belt_086_cut.wav,__unique_belt_85,train
87,belt-087,Belt diagnosis noise,Mazda,6 2.2 Diesel,Unknown,Diesel,Sedan,Medium,Engine running; screeching and suspected bearing issue,5 sec ,Mazda 6 diesel with suspected accessory bearing noise near serpentine belt.,belt,C:\Users\hp\Desktop\car_test\belt\belt-cut\belt_087_cut.wav,__unique_belt_86,test
88,belt-088,Belt failure aftermath,Mitsubishi,Endeavor,2005,Gasoline,SUV/Crossover,Critical,Engine not starting after belt failure,5 sec ,2005 Mitsubishi Endeavor still not starting after serpentine belt failure and replacement attempt.,belt,C:\Users\hp\Desktop\car_test\belt\belt-cut\belt_088_cut.wav,belt_mitsubishi_endeavor_2005,train
89,belt-089,Belt squeal worsening,Ford,F-150 XLT,2011,Gasoline,Pickup,Medium,Engine running; increasing squeal over time,5 sec ,2011 Ford F-150 with worsening serpentine belt squeal despite recent part replacement.,belt,C:\Users\hp\Desktop\car_test\belt\belt-cut\belt_089_cut.wav,belt_ford_f-150 xlt_2011,val
90,belt-090,Belt Tensioner,Subaru,Impreza WRX,2004,Gasoline,Sedan,Medium,Idling,7 sec,Screeching and chirping sound from engine area.,belt,C:\Users\hp\Desktop\car_test\belt\belt-cut\belt_090_cut.wav,belt_subaru_impreza wrx_2004,train
91,belt-091,surpentine belt squeal ,Honda,CR-V,2017,Gasoline,SUV,Medium,Engine running; ,7 sec,Intermittent noise after belt replacement; possibly misaligned pulley or belt issue.,belt,C:\Users\hp\Desktop\car_test\belt\belt-cut\belt_091_cut.wav,belt_honda_cr-v_2017,test
92,belt-092,Belt noise / contamination,Unknown,Unknown,Unknown,Unknown,Unknown,Low,Engine running; ,5 sec ,Sudden belt noise after oil change; possible oil contamination on belt.,belt,C:\Users\hp\Desktop\car_test\belt\belt-cut\belt_092_cut.wav,__unique_belt_91,val
93,belt-093,Serpentine Belt,Ford,Expedition,1997,Gasoline,SUV,Medium,"Cold start, warm idle, steering turns",5 sec ,High-pitched screech and knocking noises despite replacing belt and pulleys.,belt,C:\Users\hp\Desktop\car_test\belt\belt-cut\belt_093_cut.wav,belt_ford_expedition_1997,val
94,belt-094,Serpentine Belt,Unknown,Unknown,Unknown,Unknown,Unknown,High,Engine running,2 sec ,Loud banging noise suspected to originate from the serpentine belt or pulley system.,belt,C:\Users\hp\Desktop\car_test\belt\belt-cut\belt_094_cut.wav,__unique_belt_93,train
95,belt-095,surpentine belt squeal ,Daihatsu,Pyzar,1997,Gasoline,MPV/Minivan,High,Engine running; ,5 sec ,Squealing and burning smell after timing belt and water pump work; possible installation or tension issue.,belt,C:\Users\hp\Desktop\car_test\belt\belt-cut\belt_095_cut.wav,belt_daihatsu_pyzar_1997,train
96,belt-096,surpentine belt squeal ,Dodge,Caravan,2006,Gasoline,Minivan,Medium,Engine running; ,5 sec ,Belt squeal returned shortly after pulley/belt replacement; possible unresolved tension or pulley issue.,belt,C:\Users\hp\Desktop\car_test\belt\belt-cut\belt_096_cut.wav,belt_dodge_caravan_2006,train
97,belt-097,Engine belt squeal,Unknown,Unknown,Unknown,Unknown,Unknown,Medium,Engine running; ,5 sec ,Squealing noise near passenger side engine area; concern about belt or pulley issue before long drive.,belt,C:\Users\hp\Desktop\car_test\belt\belt-cut\belt_097_cut.wav,__unique_belt_96,train
98,belt-098,surpentine belt squeal ,Chevrolet,Tahoe LS,2015,Gasoline,SUV (Body-on-frame),High,Modified / rebuilt,6 sec ,"Engine issue after major performance rebuild (cam, lifters, timing components, fuel system); check engine light after short normal operation.",belt,C:\Users\hp\Desktop\car_test\belt\belt-cut\belt_098_cut.wav,belt_chevrolet_tahoe ls_2015,train
99,belt-099,surpentine belt squeal ,Hyundai,Elantra,2007,Gasoline,Sedan,Medium,Engine running; ,5 sec ,Squealing occurs when HVAC blower is on and during acceleration; likely belt or pulley slipping under load.,belt,C:\Users\hp\Desktop\car_test\belt\belt-cut\belt_099_cut.wav,belt_hyundai_elantra_2007,train
100,belt-100,surpentine belt squeal ,SEAT,Leon Cupra,2009,Gasoline,Hatchback,Medium,Engine running; ,5 sec ,Ticking noise from engine front; suspected tensioner pulley or accessory drive component.,belt,C:\Users\hp\Desktop\car_test\belt\belt-cut\belt_0100_cut.wav,belt_seat_leon cupra_2009,train
101,belt-101,surpentine belt squeal ,Ram,1500 5.7,2012,Gasoline,Pickup,Medium,Cold start after engine rebuild,5 sec,Knocking noise on cold starts that disappears after warm-up; suspected piston slap. Belt squeal is attributed to a worn tensioner and power steering pump already scheduled for replacement.,belt,C:\Users\hp\Desktop\car_test\belt\belt-cut\belt_0101_cut.wav,belt_ram_1500 5.7_2012,train
102,belt-102,Serpentine Belt,Unknown,Unknown,Unknown,Unknown,Unknown,Medium,Engine running,6 sec,Chirping and squeaking noise suspected to be caused by a worn serpentine belt.,belt,C:\Users\hp\Desktop\car_test\belt\belt-cut\belt_0102_cut.wav,__unique_belt_101,train
103,belt-103,surpentine belt squeal ,Toyota,Camry LE (2AZ-FE),2007,Gasoline,Sedan,Medium,Driving normally; noise present despite normal vehicle operation,5 sec,"High-pitched squealing despite normal driving. Alternator and serpentine belt were replaced about 20,000 miles earlier; possible belt, pulley, or alternator-related noise.",belt,C:\Users\hp\Desktop\car_test\belt\belt-cut\belt_0103_cut.wav,belt_toyota_camry le (2az-fe)_2007,train
104,belt-104,Serpentine Belt,Nissan,Versa 1.8S,2011,Gasoline,Sedan,Medium,Cold start,5 sec,Screeching noise coming from the serpentine belt area during startup.,belt,C:\Users\hp\Desktop\car_test\belt\belt-cut\belt_0104_cut.wav,belt_nissan_versa 1.8s_2011,train
105,belt-105,surpentine belt squeal ,Jeep,Grand Cherokee 3.6,2011,Gasoline,SUV,Medium,"Belt squeaks during driving despite replacing the serpentine belt and belt tensioner. Noise becomes more noticeable in humid, wet, or cold conditions.",5 sec,"Vehicle developed startup belt squeal one year earlier. Replacing the Gates serpentine belt solved it temporarily. The squeal later returned during winter and persisted throughout driving. Dealer diagnosed a faulty belt tensioner, which was replaced, but the squealing continued, indicating another component such as pulley alignment or accessory bearing may be responsible.",belt,C:\Users\hp\Desktop\car_test\belt\belt-cut\belt_0105_cut.wav,belt_jeep_grand cherokee 3.6_2011,train
106,belt-106,Belt Tensioner Noise,Mazda,Mazda3,2014,Gasoline,Sedan,Medium,"Belt squeals after approximately 10,000 miles despite replacing the serpentine belt, stretch belt, and hydraulic tensioner. Visible movement of the tensioner under acceleration raises concern about premature failure.",5 sec,"Gates belt, stretch belt, and tensioner were installed 10,000 miles earlier. After operating normally, a loud squeal developed and the user observed noticeable hydraulic tensioner movement while accelerating. Investigation focuses on whether the tensioner or another pulley is failing.",belt,C:\Users\hp\Desktop\car_test\belt\belt-cut\belt_0106_cut.wav,belt_mazda_mazda3_2014,train
107,belt-107,Screeching Noise,Citroën,C1 1.0 Sensodrive,2006,Gasoline,Hatchback,Medium,High-pitched squealing or screeching occurs only sometimes while reversing. Possible causes suggested are accessory belt or brake components.,5 sec,Noise is inconsistent and mostly appears when reversing with a cold engine. The driver suspects either the multi-belt or brake system because the sound does not occur every time.,belt,C:\Users\hp\Desktop\car_test\belt\belt-cut\belt_0107_cut.wav,belt_citroën_c1 1.0 sensodrive_2006,train
108,belt-108,Startup Belt Squeal,Toyota,Tacoma 3.4L (5VZ),1997,Gasoline,Pickup Truck,Low,Belt squeals briefly after cold startup even though new Dayco belts are correctly tensioned. User suspects an idler or tensioner pulley.,5 sec,"Noise appeared after replacing the A/C compressor and completing an air-conditioning repair. It is independent of A/C operation and disappears shortly after engine startup, suggesting an idler pulley or belt-related component.",belt,C:\Users\hp\Desktop\car_test\belt\belt-cut\belt_0108_cut.wav,belt_toyota_tacoma 3.4l (5vz)_1997,train
109,belt-109,Belt Squeal,Acura,TL 3.5L,2008,Gasoline,Sedan,Medium,"Persistent belt squeal returns after belt replacement. Noise disappears when the belt becomes wet and increases with engine speed. Slight belt wobble is visible, suggesting tensioner or pulley wear.",5 sec,"Owner reports repeated belt squeal despite replacing the belt. The sound temporarily disappears after installing a new belt but returns later. Noise is RPM-dependent, disappears when the belt is wet, and may be caused by a worn tensioner, pulley, or accessory alignment issue.",belt,C:\Users\hp\Desktop\car_test\belt\belt-cut\belt_0109_cut.wav,belt_acura_tl 3.5l_2008,val
110,belt-110,Timing Belt,Acura,TL,2008,Gasoline,Sedan,Medium,Cold start,5 sec,Ticking and screeching continue after replacing serpentine and timing belt components.,belt,C:\Users\hp\Desktop\car_test\belt\belt-cut\belt_0110_cut.wav,belt_acura_tl_2008,train
111,belt-111,High-Pitched Squeal,Volkswagen,Golf R (Mk6),2012,Gasoline,Hatchback,Medium,High-pitched squeal at idle that disappears under load.,5 sec,"Belt, tensioner, and pulleys were replaced, but the squealing remains and is louder near the left wheel.",belt,C:\Users\hp\Desktop\car_test\belt\belt-cut\belt_0111_cut.wav,belt_volkswagen_golf r (mk6)_2012,val
112,belt-112,Under Hood Squeal,Chevrolet,Camaro Z28,1996,Gasoline,Coupe,Medium,"Constant squeal with ignition on, engine off.",5 sec,"Squealing starts when the key is turned to ON. The serpentine belt is new and stationary, suggesting another component such as the cooling fan or electrical accessory.",belt,C:\Users\hp\Desktop\car_test\belt\belt-cut\belt_0112_cut.wav,belt_chevrolet_camaro z28_1996,train
113,belt-113,Timing Belt Tensioner,Honda,Pilot,2015,Gasoline,SUV,Medium,Engine running without serpentine belt,5 sec,"Grinding and rattling persist without the serpentine belt, pointing to the timing belt tensioner.",belt,C:\Users\hp\Desktop\car_test\belt\belt-cut\belt_0113_cut.wav,belt_honda_pilot_2015,train
114,belt-114,Engine Squeal,Lexus,LS460,2007,Gasoline,Sedan,Medium,New squeal after recent belt replacement.,5 sec,A different squealing noise developed weeks after replacing the serpentine belt. The sound changes with gear and throttle input.,belt,C:\Users\hp\Desktop\car_test\belt\belt-cut\belt_0114_cut.wav,belt_lexus_ls460_2007,train
115,belt-115,Acceleration Squeal,Vauxhall,Corsa 1.2,2012,Gasoline,Hatchback,Medium,Squeal occurs during acceleration.,5 sec,Noise is heard when applying throttle. Mechanics suspect the belt tensioner or an engine mount as possible causes.,belt,C:\Users\hp\Desktop\car_test\belt\belt-cut\belt_0115_cut.wav,belt_vauxhall_corsa 1.2_2012,train
116,belt-116,Belt Squeal,Toyota,Land Cruiser Prado V6 (5VZ-FE),1999,Gasoline,SUV,Medium,Intermittent high-pitched squeal.,5 sec,"Belt was tightened by a mechanic, but the squeal returned after about a week.",belt,C:\Users\hp\Desktop\car_test\belt\belt-cut\belt_0116_cut.wav,belt_toyota_land cruiser prado v6 (5vz-fe)_1999,train
117,belt-117,surpentine belt squeal ,Unknown,Unknown,Unknown,Unknown,Unknown,Medium,Belt squeak worsened after cleaning pulleys.,5 sec,"Water temporarily stops the squeak, suggesting belt or pulley alignment issues.",belt,C:\Users\hp\Desktop\car_test\belt\belt-cut\belt_0117_cut.wav,__unique_belt_116,train
118,belt-118,surpentine belt squeal ,Chevrolet,Monte Carlo SS,2002,Gasoline,Coupe,Medium,Engine running,10 sec,"Intermittent screech near the alternator or radiator fan, not affected by revving or steering.",belt,C:\Users\hp\Desktop\car_test\belt\belt-cut\belt_0118_cut.wav,belt_chevrolet_monte carlo ss_2002,test
119,belt-119,Tensioner Squeak,Dodge,Ram 1500,2001,Gasoline,Pickup Truck,Medium,Belt squeak with bouncing tensioner.,5 sec,Tensioner movement suggests possible wear causing the squeaking.,belt,C:\Users\hp\Desktop\car_test\belt\belt-cut\belt_0119_cut.wav,belt_dodge_ram 1500_2001,train
120,belt-120,Steering Pump Squeal,Subaru,Legacy GT,2006,Gasoline,Sedan,High,Squeal while turning at low speed.,5 sec,New belt and proper tension indicate a possible failing power steering pump.,belt,C:\Users\hp\Desktop\car_test\belt\belt-cut\belt_0120_cut.wav,belt_subaru_legacy gt_2006,train
121,belt-121,surpentine belt squeal ,BMW,X3,2011,Gasoline,SUV,High,Loud squeal during startup and acceleration.,5 sec,"Noise persists despite replacing the belt, tensioner, and idler pulley.",belt,C:\Users\hp\Desktop\car_test\belt\belt-cut\belt_0121_cut.wav,belt_bmw_x3_2011,train
122,belt-122,Serpentine Belt,Lexus,ES 330,2004,Gasoline,Sedan,Medium,Warm engine,7 sec,"High-pitched screech after a long trip, suspected accessory belt or pulley noise.",belt,C:\Users\hp\Desktop\car_test\belt\belt-cut\belt_0122_cut.wav,belt_lexus_es 330_2004,train
123,belt-123,surpentine belt squeal ,Honda,CR-V EX,2007,Gasoline,SUV,Low,Squeal after new belt installation.,5 sec,Noise started one day after replacing the alternator and serpentine belt and may be related to the belt break-in period or automatic tensioner.,belt,C:\Users\hp\Desktop\car_test\belt\belt-cut\belt_0123_cut.wav,belt_honda_cr-v ex_2007,test
124,belt-124,surpentine belt squeal ,Volkswagen,Beetle 2.0T,2012,Gasoline,Hatchback,Medium,Squeal at idle that disappears with acceleration.,5 sec,"Noise comes from the serpentine belt area, is constant at startup and idle, and becomes inaudible with even slight acceleration.",belt,C:\Users\hp\Desktop\car_test\belt\belt-cut\belt_0124_cut.wav,belt_volkswagen_beetle 2.0t_2012,train
125,belt-125,Serpentine Belt,Hyundai,Accent,2007,Gasoline,Sedan,Medium,Cold start while turning steering wheel,7 sec,Belt skips and screeches during the first steering turns after startup.,belt,C:\Users\hp\Desktop\car_test\belt\belt-cut\belt_0125_cut.wav,belt_hyundai_accent_2007,train
126,belt-126,surpentine belt squeal ,Acura,MDX,2015,Gasoline,SUV,High,High-pitched noise after timing belt service.,5 sec,"Noise appeared after replacing the timing belt, pulleys, and serpentine belt. It occurs at operating temperature, mainly at idle, and may increase with acceleration.",belt,C:\Users\hp\Desktop\car_test\belt\belt-cut\belt_0126_cut.wav,belt_acura_mdx_2015,test
127,belt-127,Serpentine Belt,DS,DS 7,2018,Diesel,SUV,Medium,"Cold start, shifting into Drive or Reverse",8 sec,"Loud screech on startup or gear engagement, likely accessory belt or pulley related.",belt,C:\Users\hp\Desktop\car_test\belt\belt-cut\belt_0127_cut.wav,belt_ds_ds 7_2018,train
128,belt-128,Serpentine Belt,Ford,F-150 XLT Lariat 4.9L I6,1990,Gasoline,Pickup,Medium,"Warm idle, low RPM",8 sec,Persistent high-pitched screech even after replacing the serpentine belt.,belt,C:\Users\hp\Desktop\car_test\belt\belt-cut\belt_0128_cut.wav,belt_ford_f-150 xlt lariat 4.9l i6_1990,train
129,belt-129,surpentine belt squeal ,Kia,Rio 1.6,2008,Gasoline,Hatchback,High,Loud screech during startup.,5 sec,"Startup screech began recently, possibly from the drive belt or pulley system.",belt,C:\Users\hp\Desktop\car_test\belt\belt-cut\belt_0129_cut.wav,belt_kia_rio 1.6_2008,val
130,belt-130,surpentine belt squeal ,Opel,Astra F X16SZ,1995,Gasoline,Hatchback,Medium,High-pitched whine after timing belt replacement.,5 sec,Noise changes with RPM and started after replacing the timing belt kit and water pump.,belt,C:\Users\hp\Desktop\car_test\belt\belt-cut\belt_0130_cut.wav,belt_opel_astra f x16sz_1995,train
131,belt-131,surpentine belt squeal ,Toyota,Camry V6,2005,Gasoline,Sedan,Medium,Louder timing belt noise after service.,5 sec,"Noise appeared after timing belt and water pump replacement, but driving remains normal.",belt,C:\Users\hp\Desktop\car_test\belt\belt-cut\belt_0131_cut.wav,belt_toyota_camry v6_2005,train
132,belt-132,surpentine belt squeal ,Unknown,Unknown,Unknown,Unknown,Unknown,Medium,Possible drive pulley noise.,5 sec,Noise began after a front-end collision and may be caused by a damaged pulley.,belt,C:\Users\hp\Desktop\car_test\belt\belt-cut\belt_0132_cut.wav,__unique_belt_131,train
133,belt-133,surpentine belt squeal ,Mazda,3 iSport,2016,Gasoline,Sedan,Medium,Engine noise near timing belt side.,5 sec,Continuous sound appears to originate from the timing belt area.,belt,C:\Users\hp\Desktop\car_test\belt\belt-cut\belt_0133_cut.wav,belt_mazda_3 isport_2016,train
134,belt-134,surpentine belt squeal ,Honda,Pilot,2017,Gasoline,SUV,Medium,Rhythmic noise after timing belt replacement.,5 sec,"Galloping sound started immediately after timing belt service, suggesting incorrect installation or tension.",belt,C:\Users\hp\Desktop\car_test\belt\belt-cut\belt_0134_cut.wav,belt_honda_pilot_2017,train
135,belt-135,surpentine belt squeal ,Chevrolet,Celebrity,1988,Gasoline,Sedan,High,Whining persists after multiple repairs.,5 sec,"Noise remains despite replacing the belt, tensioner, alternator, and power steering pump.",belt,C:\Users\hp\Desktop\car_test\belt\belt-cut\belt_0135_cut.wav,belt_chevrolet_celebrity_1988,val
136,belt-136,surpentine belt squeal ,Unknown,Unknown,Unknown,Unknown,Unknown,Medium,Whirring noise after new belt installation.,5 sec,Constant whooshing/whirring is most noticeable at idle and is unaffected by water or A/C.,belt,C:\Users\hp\Desktop\car_test\belt\belt-cut\belt_0136_cut.wav,__unique_belt_135,test
137,belt-137,surpentine belt squeal ,Honda,Civic,2009,Gasoline,Sedan,Medium,Rattle at 1500–2000 RPM.,5 sec,Noise is heard only under light load and may indicate a worn idler pulley.,belt,C:\Users\hp\Desktop\car_test\belt\belt-cut\belt_0137_cut.wav,belt_honda_civic_2009,test
138,belt-138,surpentine belt squeal ,Toyota,Camry 2.4,2008,Gasoline,Sedan,Medium,Loud noise after belt replacement.,5 sec,"Replacing the belt did not solve the noise, suggesting a faulty tensioner.",belt,C:\Users\hp\Desktop\car_test\belt\belt-cut\belt_0138_cut.wav,belt_toyota_camry 2.4_2008,train
139,belt-139,surpentine belt squeal ,Unknown,Unknown,Unknown,Unknown,Unknown,Medium,Persistent belt-related noise.,4 sec,Post discusses an unresolved belt noise with limited details provided.,belt,C:\Users\hp\Desktop\car_test\belt\belt-cut\belt_0139_cut.wav,__unique_belt_138,train
140,belt-140,surpentine belt squeal ,Honda,CR-V,2013,Gasoline,SUV,Medium,Whistling near the drive belt.,5 sec,Noise is unchanged by water and may originate from the idler pulley or alternator.,belt,C:\Users\hp\Desktop\car_test\belt\belt-cut\belt_0140_cut.wav,belt_honda_cr-v_2013,train
141,belt-141,surpentine belt squeal ,Jeep,Grand Cherokee 4.0L I6,1998,Gasoline,SUV,Medium,Belt noise after alternator replacement.,5 sec,Owner suspects incorrect belt tension after replacing the alternator.,belt,C:\Users\hp\Desktop\car_test\belt\belt-cut\belt_0141_cut.wav,belt_jeep_grand cherokee 4.0l i6_1998,train
142,belt-142,surpentine belt squeal ,Honda,Odyssey,2016,Gasoline,Minivan,Medium,Irregular clacking after timing belt service.,5 sec,"Faint clacking began after replacing the timing belt, pulleys, and water pump.",belt,C:\Users\hp\Desktop\car_test\belt\belt-cut\belt_0142_cut.wav,belt_honda_odyssey_2016,train
143,belt-143,Serpentine Belt,Opel,Astra F,1997,Gasoline,Hatchback,Medium,"Warm engine, off throttle",6 sec,"Intermittent screech after warm-up, possibly caused by a worn pulley bearing.",belt,C:\Users\hp\Desktop\car_test\belt\belt-cut\belt_0143_cut.wav,belt_opel_astra f_1997,train
144,belt-144,Serpentine Belt,Honda,Civic EX-L,2012,Gasoline,Sedan,Low,Engine running,6 sec,Worn serpentine belt edge with suspected idler pulley squeal.,belt,C:\Users\hp\Desktop\car_test\belt\belt-cut\belt_0144_cut.wav,belt_honda_civic ex-l_2012,test
145,belt-145,Accessory Drive,Mitsubishi,Lancer,2007,Gasoline,Sedan,Medium,Under acceleration or engine braking,5 sec,Rattling noise under engine load despite replacing the alternator and belt.,belt,C:\Users\hp\Desktop\car_test\belt\belt-cut\belt_0145_cut.wav,belt_mitsubishi_lancer_2007,val
146,belt-146,Serpentine Belt,Ford,Edge SEL 2.0 EcoBoost,2016,Gasoline,SUV,High,"Startup, idle, low RPM",5 sec,"Belt squeal, charging warning, and tensioner movement after replacing multiple components.",belt,C:\Users\hp\Desktop\car_test\belt\belt-cut\belt_0146_cut.wav,belt_ford_edge sel 2.0 ecoboost_2016,train
147,belt-147,surpentine belt squeal ,Peugeot,306 1.6,1999,Gasoline,Hatchback,Medium,Noise follows engine RPM.,5 sec,Sound appears randomly at low RPM and may come from the alternator belt or pulley.,belt,C:\Users\hp\Desktop\car_test\belt\belt-cut\belt_0147_cut.wav,belt_peugeot_306 1.6_1999,test
148,belt-148,surpentine belt squeal ,Honda,Civic,2015,Gasoline,Sedan,Medium,Noise at low RPM with accessories on.,5 sec,Sound increases when the A/C and headlights add load to the belt system.,belt,C:\Users\hp\Desktop\car_test\belt\belt-cut\belt_0148_cut.wav,belt_honda_civic_2015,val
149,belt-149,surpentine belt squeal ,Infiniti,QX80 5.6,2015,Gasoline,SUV,Medium,Startup noise disappears after warm-up.,5 sec,"Noise remained after replacing the belt, tensioner, and idler pulley.",belt,C:\Users\hp\Desktop\car_test\belt\belt-cut\belt_0149_cut.wav,belt_infiniti_qx80 5.6_2015,train
150,belt-150,Alternator / Idler Pulley,Subaru,Outback,2008,Gasoline,Wagon,Medium,Acceleration,10 sec,"Deep rumbling near the alternator area, suspected alternator bearing or idler pulley.",belt,C:\Users\hp\Desktop\car_test\belt\belt-cut\belt_0150_cut.wav,belt_subaru_outback_2008,train
151,belt-151,surpentine belt squeal ,Suzuki,Alto,2011,Gasoline,Hatchback,Low,Light clucking noise.,5 sec,"Intermittent clucking is heard, but no startup belt screech is present.",belt,C:\Users\hp\Desktop\car_test\belt\belt-cut\belt_0151_cut.wav,belt_suzuki_alto_2011,train
152,belt-152,surpentine belt squeal ,Hyundai,i20 1.2,Unknown,Gasoline,Hatchback,Medium,Progressive whining noise.,5 sec,Whine has worsened over time and may be related to the serpentine belt or timing chain.,belt,C:\Users\hp\Desktop\car_test\belt\belt-cut\belt_0152_cut.wav,__unique_belt_151,train
153,belt-153,surpentine belt squeal ,Scion,xA,2006,Gasoline,Hatchback,Medium,Noise from lower pulley area.,5 sec,"A new serpentine belt is installed, suggesting the lower pulley may be the source.",belt,C:\Users\hp\Desktop\car_test\belt\belt-cut\belt_0153_cut.wav,belt_scion_xa_2006,train
154,belt-154,surpentine belt squeal ,Acura,MDX 3.5 V6,2016,Gasoline,SUV,Medium,Pinging noise after timing belt replacement.,5 sec,Knocking disappears above 1800 RPM and becomes quieter as the engine warms up.,belt,C:\Users\hp\Desktop\car_test\belt\belt-cut\belt_0154_cut.wav,belt_acura_mdx 3.5 v6_2016,train
155,belt-155,surpentine belt squeal ,Unknown,Unknown,Unknown,Unknown,Unknown,Medium,Noise increases with A/C load.,5 sec,Sound remained after replacing the fan belt and tensioner.,belt,C:\Users\hp\Desktop\car_test\belt\belt-cut\belt_0155_cut.wav,__unique_belt_154,train
156,belt-156,Serpentine Belt,Toyota,RAV4 2.5L,2011,Gasoline,SUV,Medium,Cold start after alternator replacement,6 sec,New noise appeared near the alternator after reinstalling the serpentine belt.,belt,C:\Users\hp\Desktop\car_test\belt\belt-cut\belt_0156_cut.wav,belt_toyota_rav4 2.5l_2011,train
157,belt-157,surpentine belt squeal ,Acura,RDX J35Z2,2013,Gasoline,SUV,High,Knocking with engine misfires.,5 sec,Engine developed knocking and misfire codes after timing belt failure and repair.,belt,C:\Users\hp\Desktop\car_test\belt\belt-cut\belt_0157_cut.wav,belt_acura_rdx j35z2_2013,val
158,belt-158,surpentine belt squeal ,Unknown,Unknown,Unknown,Unknown,Unknown,High,Loud noise after timing belt installation.,5 sec,Noise followed repeated timing belt replacements and incorrect belt tension.,belt,C:\Users\hp\Desktop\car_test\belt\belt-cut\belt_0158_cut.wav,__unique_belt_157,train
159,belt-159,surpentine belt squeal ,Unknown,Unknown,Unknown,Unknown,Unknown,Medium,Scraping and clicking from belt area.,5 sec,Alternator belt system produces scraping noise with slight pulley movement.,belt,C:\Users\hp\Desktop\car_test\belt\belt-cut\belt_0159_cut.wav,__unique_belt_158,train
160,belt-160,Belt Tensioner,Acura,MDX,2008,Gasoline,SUV,Medium,Engine running,5 sec,Alarming accessory drive noise suspected to come from the alternator or belt tensioner.,belt,C:\Users\hp\Desktop\car_test\belt\belt-cut\belt_0160_cut.wav,belt_acura_mdx_2008,train
161,belt-161,surpentine belt squeal ,Mitsubishi,Mirage G4,2020,Gasoline,Sedan,Medium,Squeak during initial acceleration.,4 sec,Belt squeaks on takeoff and when the defroster increases accessory load.,belt,C:\Users\hp\Desktop\car_test\belt\belt-cut\belt_0161_cut.wav,belt_mitsubishi_mirage g4_2020,train
162,belt-162,surpentine belt squeal ,Subaru,Impreza,2012,Gasoline,Hatchback,Medium,"Loud at idle, quieter while driving.",5 sec,Belt-related noise becomes less noticeable above 35 mph in cold weather.,belt,C:\Users\hp\Desktop\car_test\belt\belt-cut\belt_0162_cut.wav,belt_subaru_impreza_2012,val
163,belt-163,surpentine belt squeal ,Unknown,Unknown,Unknown,Unknown,Unknown,High,Noise remains without serpentine belt.,5 sec,"Removing the serpentine belt did not eliminate the noise, pointing to an internal engine or timing component.",belt,C:\Users\hp\Desktop\car_test\belt\belt-cut\belt_0163_cut.wav,__unique_belt_162,train
164,belt-164,surpentine belt squeal ,Kia,Soul,2015,Gasoline,Hatchback,Low,Faint rotating squeak after belt tightening.,5 sec,Noise began after tightening the serpentine belt and persisted even in dry conditions.,belt,C:\Users\hp\Desktop\car_test\belt\belt-cut\belt_0164_cut.wav,belt_kia_soul_2015,train
165,belt-165,surpentine belt squeal ,Unknown,Unknown,Unknown,Unknown,Unknown,Medium,Intermittent squealing noise.,5 sec,"Noise may come from the belt, pulley, or power steering pump.",belt,C:\Users\hp\Desktop\car_test\belt\belt-cut\belt_0165_cut.wav,__unique_belt_164,train
166,belt-166,Belt Tensioner,Buick,LeSabre,1997,Gasoline,Sedan,Medium,Engine running,5 sec,"Loud whining from the passenger side, suspected tensioner, alternator, or belt.",belt,C:\Users\hp\Desktop\car_test\belt\belt-cut\belt_0166_cut.wav,belt_buick_lesabre_1997,val
167,belt-167,Alternator Belt,SEAT,Ibiza 1.4,2009,Gasoline,Hatchback,Low,Engine running,7 sec,Tapping noise from the alternator belt side of the engine.,belt,C:\Users\hp\Desktop\car_test\belt\belt-cut\belt_0167_cut.wav,belt_seat_ibiza 1.4_2009,train
168,belt-168,surpentine belt squeal ,Honda,CR-V EX-L,2016,Gasoline,SUV,Medium,Loud squeak from belt area.,5 sec,Noise may come from the belt tensioner or water pump.,belt,C:\Users\hp\Desktop\car_test\belt\belt-cut\belt_0168_cut.wav,belt_honda_cr-v ex-l_2016,test
169,belt-169,surpentine belt squeal ,Unknown,Unknown,Unknown,Unknown,Unknown,Medium,Rough noise after replacing pulleys.,5 sec,Noise developed after installing a new tensioner and idler pulley.,belt,C:\Users\hp\Desktop\car_test\belt\belt-cut\belt_0169_cut.wav,__unique_belt_168,test
170,belt-170,Timing Chain,Vauxhall,Corsa Excite 1.2,2014,Gasoline,Hatchback,Medium,Idle,7 sec,"Continuous tapping after previous belt squeal, possible timing chain issue.",belt,C:\Users\hp\Desktop\car_test\belt\belt-cut\belt_0170_cut.wav,belt_vauxhall_corsa excite 1.2_2014,train
171,belt-171,Alternator Pulley,Audi,A4,2013,Gasoline,Sedan,Medium,Engine running,7 sec,Persistent pulley-related noise despite alternator replacement.,belt,C:\Users\hp\Desktop\car_test\belt\belt-cut\belt_0171_cut.wav,belt_audi_a4_2013,train
172,belt-172,surpentine belt squeal ,Ford,Expedition 5.4 3V,2008,Gasoline,SUV,Medium,RPM-related whining noise.,5 sec,Noise remained after replacing idler pulleys and tensioner.,belt,C:\Users\hp\Desktop\car_test\belt\belt-cut\belt_0172_cut.wav,belt_ford_expedition 5.4 3v_2008,val
173,belt-173,Alternator Belt,Unknown,Unknown,Unknown,Unknown,Unknown,Medium,After belt replacement,7 sec,Abnormal noise shortly after installing new A/C and alternator belts.,belt,C:\Users\hp\Desktop\car_test\belt\belt-cut\belt_0173_cut.wav,__unique_belt_172,test
174,belt-174,surpentine belt squeal ,Honda,Accord V6,2003,Gasoline,Sedan,High,Loud noise from belt area.,5 sec,Abnormal sound is louder than a typical belt squeal.,belt,C:\Users\hp\Desktop\car_test\belt\belt-cut\belt_0174_cut.wav,belt_honda_accord v6_2003,train
175,belt-175,surpentine belt squeal ,Unknown,Unknown,Unknown,Unknown,Unknown,Low,Rhythmic clicking noise.,5 sec,Clicking appears to come from the serpentine belt system.,belt,C:\Users\hp\Desktop\car_test\belt\belt-cut\belt_0175_cut.wav,__unique_belt_174,test
176,belt-176,surpentine belt squeal ,Unknown,Unknown,Unknown,Unknown,Unknown,High,Belt squeak with tapping.,5 sec,Tapping becomes louder and faster during acceleration.,belt,C:\Users\hp\Desktop\car_test\belt\belt-cut\belt_0176_cut.wav,__unique_belt_175,val
177,belt-177,surpentine belt squeal ,Mini,Cooper S,2006,Gasoline,Hatchback,Medium,Rattle at low RPM.,5 sec,Noise is noticeable only when hot and below 1000 RPM.,belt,C:\Users\hp\Desktop\car_test\belt\belt-cut\belt_0177_cut.wav,belt_mini_cooper s_2006,train
178,belt-178,surpentine belt squeal ,Toyota,Corolla,1995,Gasoline,Sedan,Low,Possible belt noise.,5 sec,User suspects the sound is coming from the belt system.,belt,C:\Users\hp\Desktop\car_test\belt\belt-cut\belt_0178_cut.wav,belt_toyota_corolla_1995,val
179,belt-179,surpentine belt squeal ,Honda,Odyssey,2008,Gasoline,Minivan,Medium,Chirping from serpentine belt.,5 sec,Repetitive chirping originates from the accessory belt area.,belt,C:\Users\hp\Desktop\car_test\belt\belt-cut\belt_0179_cut.wav,belt_honda_odyssey_2008,test
180,belt-180,Serpentine Belt,Ford,Bronco,1996,Gasoline,SUV,Medium,Engine running,7 sec,"Squealing after replacing the water pump and belt, possibly related to the alternator or tensioner.",belt,C:\Users\hp\Desktop\car_test\belt\belt-cut\belt_0180_cut.wav,belt_ford_bronco_1996,train
181,belt-181,surpentine belt squeal ,Unknown,Unknown,Unknown,Unknown,Unknown,Low,Chirping during cold start.,5 sec,Noise lasts a few minutes after startup before disappearing.,belt,C:\Users\hp\Desktop\car_test\belt\belt-cut\belt_0181_cut.wav,__unique_belt_180,test
182,belt-182,Alternator Belt Squeal,Unknown,Unknown,Unknown,Unknown,Unknown,Medium,After replacing the alternator belt while the engine is running.,13 sec,High-pitched squealing noise following alternator belt replacement.,belt,C:\Users\hp\Desktop\car_test\belt\belt-cut\belt_0182_cut.wav,__unique_belt_181,val
183,belt-183,surpentine belt squeal ,Scion,tC,2011,Gasoline,Coupe,Medium,Noise after belt replacement.,5 sec,New sound appeared shortly after replacing the serpentine belt.,belt,C:\Users\hp\Desktop\car_test\belt\belt-cut\belt_0183_cut.wav,belt_scion_tc_2011,test
184,belt-184,surpentine belt squeal ,Ford,E-150,2004,Gasoline,Van,Medium,Clicking from pulley area.,5 sec,Noise may have returned despite replacing the idler pulley.,belt,C:\Users\hp\Desktop\car_test\belt\belt-cut\belt_0184_cut.wav,belt_ford_e-150_2004,train
185,belt-185,Serpentine Belt / Pulley Squeal,Buick,Lucerne CXL,2009,Gasoline,Sedan,Medium,Occurs during cold starts and disappears after the engine warms up.,10 sec,Loud squealing noise despite installing a new serpentine belt.,belt,C:\Users\hp\Desktop\car_test\belt\belt-cut\belt_0185_cut.wav,belt_buick_lucerne cxl_2009,train
186,belt-186,Loose Accessory Belt / Harmonic Balancer Noise,Nissan,Quest,Unknown,Gasoline,Minivan,Medium,Noise occurs while the accessory belt is installed and disappears when removed.,10 sec,Thumping or flapping noise possibly caused by a loose belt or harmonic balancer wobble.,belt,C:\Users\hp\Desktop\car_test\belt\belt-cut\belt_0186_cut.wav,__unique_belt_185,test
187,belt-187,Pulley Bearing Noise,Oldsmobile,Intrigue,2002,Gasoline,Sedan,Medium,Appeared after replacing the alternator and broken serpentine belt.,10 sec,Faint pulley-area noise after belt replacement.,belt,C:\Users\hp\Desktop\car_test\belt\belt-cut\belt_0187_cut.wav,belt_oldsmobile_intrigue_2002,val
188,belt-188,Power Steering Belt Noise,Unknown,Unknown,Unknown,Unknown,Unknown,Medium,Noise starts when turning the steering wheel and stops when the wheel is straight.,10 sec,Belt squeal associated with steering input after installing a new alternator belt.,belt,C:\Users\hp\Desktop\car_test\belt\belt-cut\belt_0188_cut.wav,__unique_belt_187,train
189,belt-189,Alternator Belt / Tensioner Squeal,Dodge,Neon,Unknown,Gasoline,Sedan,Medium,Began immediately after alternator replacement.,10 sec,Rotational shrieking noise possibly from the belt or tensioner pulley.,belt,C:\Users\hp\Desktop\car_test\belt\belt-cut\belt_0189_cut.wav,__unique_belt_188,train
190,belt-190,Belt Squeal,Toyota,Sienna,2009,Gasoline,Minivan,Medium,Belt squeal after tensioner replacement.,5 sec,Alternator wobble may be causing belt misalignment and squealing.,belt,C:\Users\hp\Desktop\car_test\belt\belt-cut\belt_0190_cut.wav,belt_toyota_sienna_2009,train
191,belt-191,surpentine belt squeal ,Unknown,Unknown,Unknown,Unknown,Unknown,Medium,Squeal after A/C clutch repair.,5 sec,Noise likely comes from an idler or tensioner bearing.,belt,C:\Users\hp\Desktop\car_test\belt\belt-cut\belt_0191_cut.wav,__unique_belt_190,train
192,belt-192,Serpentine Belt Squeal,Unknown,Unknown,Unknown,Unknown,Unknown,Medium,Continuous engine operation with a visibly worn serpentine belt.,5 sec,Squealing noise suspected to originate from a worn serpentine belt.,belt,C:\Users\hp\Desktop\car_test\belt\belt-cut\belt_0192_cut.wav,__unique_belt_191,train
193,belt-193,surpentine belt squeal ,Unknown,Unknown,Unknown,Unknown,Unknown,Medium,New belt squeals on startup.,5 sec,Squeal may be caused by idler pulley misalignment or wear.,belt,C:\Users\hp\Desktop\car_test\belt\belt-cut\belt_0193_cut.wav,__unique_belt_192,train
194,belt-194,surpentine belt squeal ,Unknown,Unknown,Unknown,Unknown,Unknown,High,Squealing with metallic grinding.,5 sec,Belt area produces squealing and intermittent metal contact sounds.,belt,C:\Users\hp\Desktop\car_test\belt\belt-cut\belt_0194_cut.wav,__unique_belt_193,train
195,belt-195,surpentine belt squeal ,Honda,CR-V,2007,Gasoline,SUV,Low,Temporary squeal after installation.,5 sec,Squealing started after installing a new alternator and serpentine belt.,belt,C:\Users\hp\Desktop\car_test\belt\belt-cut\belt_0195_cut.wav,belt_honda_cr-v_2007,train
196,belt-196,Drivetrain / Belt Area Noise,Toyota,Yaris,2009,Gasoline,Hatchback,Medium,Noise only occurs while the transmission is in Drive and disappears in Park.,10 sec,Mechanical noise from the belt/accessory area under drivetrain load.,belt,C:\Users\hp\Desktop\car_test\belt\belt-cut\belt_0196_cut.wav,belt_toyota_yaris_2009,train
197,belt-197,surpentine belt squeal ,Dodge,Dakota,1997,Gasoline,Pickup,High,Loud metallic clanking underneath.,5 sec,Heavy clanking appears to come from underneath the vehicle rather than the timing belt.,belt,C:\Users\hp\Desktop\car_test\belt\belt-cut\belt_0197_cut.wav,belt_dodge_dakota_1997,val
198,belt-198,surpentine belt squeal ,Toyota,Corolla RunX,2001,Gasoline,Hatchback,Medium,High-pitched whine from belt area.,5 sec,Continuous squeal or whine is heard from the drive belt assembly.,belt,C:\Users\hp\Desktop\car_test\belt\belt-cut\belt_0198_cut.wav,belt_toyota_corolla runx_2001,train
199,belt-199,Timing Chain / Belt Tensioner Rattle,Mercedes-Benz,C300,2013,Gasoline,Sedan,High,Cold starts only; disappears after startup.,10 sec,"Rattling noise from the timing cover area, possibly timing components or belt tensioner.",belt,C:\Users\hp\Desktop\car_test\belt\belt-cut\belt_0199_cut.wav,belt_mercedes-benz_c300_2013,train
200,belt-200,surpentine belt squeal ,Unknown,Unknown,Unknown,Unknown,Unknown,High,"Squeaking, grinding and whining.",5 sec,Noise may be caused by a worn bearing or cooling fan component.,belt,C:\Users\hp\Desktop\car_test\belt\belt-cut\belt_0200_cut.wav,__unique_belt_199,train
201,belt-201,Belt Tensioner Play,Honda,Civic LX,2008,Gasoline,Sedan,Medium,After replacing the serpentine belt and water pump.,10 sec,Excessive tensioner movement with a slight belt squeal.,belt,C:\Users\hp\Desktop\car_test\belt\belt-cut\belt_0201_cut.wav,belt_honda_civic lx_2008,test
202,belt-202,Accessory Drive / A/C Load Noise,Toyota,Camry,2015,Gasoline,Sedan,Medium,"Engine cold, gear in Drive, A/C on, vehicle stationary; disappears after warming up.",5 sec,Abnormal noise under accessory load despite replacing the belt and tensioner.,belt,C:\Users\hp\Desktop\car_test\belt\belt-cut\belt_0202_cut.wav,belt_toyota_camry_2015,val
203,belt-203,surpentine belt squeal ,Unknown,Unknown,Unknown,Unknown,Unknown,Medium,Noise after belt replacement.,5 sec,Sound appeared after installing new drive belts and an A/C pulley.,belt,C:\Users\hp\Desktop\car_test\belt\belt-cut\belt_0203_cut.wav,__unique_belt_202,train
204,belt-204,surpentine belt squeal ,Unknown,Unknown,Unknown,Unknown,Unknown,High,Knocking near drive belts.,5 sec,Knocking is separate from normal engine idle noise.,belt,C:\Users\hp\Desktop\car_test\belt\belt-cut\belt_0204_cut.wav,__unique_belt_203,train
205,belt-205,Serpentine Belt / Alternator Tapping,Chevrolet,Tahoe,2005,Gasoline,SUV,High,Present immediately after startup and follows engine RPM.,6 sec,Knocking or tapping noise from the front of the engine with a damaged serpentine belt.,belt,C:\Users\hp\Desktop\car_test\belt\belt-cut\belt_0205_cut.wav,belt_chevrolet_tahoe_2005,val
206,belt-206,Pulley / Power Steering Pump Squeal,Ford,F-150,2009,Gasoline,Pickup,Medium,Continuous while engine is running; persists after replacing the belt and idler pulley.,10 sec,High-pitched squealing noise from the pulley or power steering pump area.,belt,C:\Users\hp\Desktop\car_test\belt\belt-cut\belt_0206_cut.wav,belt_ford_f-150_2009,test
207,belt-207,Water Pump Bearing Noise,Unknown,Unknown,Unknown,Unknown,Unknown,High,Engine is noisy only with the accessory belt installed; quieter without it.,10 sec,Engine noise likely caused by a worn water pump bearing or accessory pulley.,belt,C:\Users\hp\Desktop\car_test\belt\belt-cut\belt_0207_cut.wav,__unique_belt_206,val
208,belt-208,surpentine belt squeal ,Ford,Explorer Sport Trac,2007,Gasoline,Pickup,Medium,Squeal remains after alternator replacement,4 sec,"Intermittent serpentine belt squeal, likely from tensioner, idler pulley, belt alignment, or another accessory pulley rather than the alternator.",belt,C:\Users\hp\Desktop\car_test\belt\belt-cut\belt_0208_cut.wav,belt_ford_explorer sport trac_2007,val
209,belt-209,Accessory Belt Squeal,GMC,Savana 2500,2005,Gasoline,Van,High,During startup and occasionally while idling.,7 sec,Belt squeal during startup followed by unstable idle and intermittent squeaking.,belt,C:\Users\hp\Desktop\car_test\belt\belt-cut\belt_0209_cut.wav,belt_gmc_savana 2500_2005,train
210,belt-210,Tensioner Bearing Noise,Mercedes-Benz,SLK 350,2008,Gasoline,Convertible,Medium,Intermittent while engine is running.,9 sec,Cyclic chirping noise suspected to originate from the belt tensioner bearing.,belt,C:\Users\hp\Desktop\car_test\belt\belt-cut\belt_0210_cut.wav,belt_mercedes-benz_slk 350_2008,train
211,belt-211,Serpentine Belt Pulley Rattle,Toyota,Camry LE,2007,Gasoline,Sedan,Low,Constant while engine is running.,6 sec,Rattling noise caused by a loose nut near the serpentine belt assembly.,belt,C:\Users\hp\Desktop\car_test\belt\belt-cut\belt_0211_cut.wav,belt_toyota_camry le_2007,train
212,belt-212,Serpentine Belt Chirp,Chrysler,Town & Country,2006,Gasoline,Minivan,Medium,At idle after driving; persists despite belt replacement.,5 sec,Chirping noise from the serpentine belt area after engine reaches operating temperature.,belt,C:\Users\hp\Desktop\car_test\belt\belt-cut\belt_0212_cut.wav,belt_chrysler_town & country_2006,train
213,belt-213,Belt Tensioner Noise,Peugeot,1.4 HDi,2014,Diesel,Hatchback,Medium,Continuous while engine is running.,6 sec,Strange noise and visible belt movement indicating a possible failing tensioner.,belt,C:\Users\hp\Desktop\car_test\belt\belt-cut\belt_0213_cut.wav,belt_peugeot_1.4 hdi_2014,test
214,belt-214,Serpentine Belt / CVT Squeal,Mitsubishi,Outlander,2012,Gasoline,SUV,High,Squeals during acceleration and with A/C on; accompanied by poor acceleration.,5 sec,"Squealing noise initially suspected from the serpentine belt, later associated with transmission issues.",belt,C:\Users\hp\Desktop\car_test\belt\belt-cut\belt_0214_cut.wav,belt_mitsubishi_outlander_2012,train
215,belt-215,surpentine belt squeal ,Honda,Civic LX,2014,Gasoline,Sedan,Low,Audible only while parked at idle after recent maintenance.,5 sec,Light tapping noise following serpentine belt and spark plug replacement.,belt,C:\Users\hp\Desktop\car_test\belt\belt-cut\belt_0215_cut.wav,belt_honda_civic lx_2014,train
216,belt-216,surpentine belt squeal ,Honda,Pilot EX-L,2005,Gasoline,SUV,High,Constant while engine is running; disappears when the belt is slightly off-track.,5 sec,"Persistent screech after replacing the alternator, belt, tensioner, and idler pulley.",belt,C:\Users\hp\Desktop\car_test\belt\belt-cut\belt_0216_cut.wav,belt_honda_pilot ex-l_2005,train
217,belt-217,surpentine belt squeal ,Chevrolet,Traverse,2025,Gasoline,SUV,High,Belt visibly damaged while driving.,4 sec,Misaligned serpentine belt requiring immediate inspection.,belt,C:\Users\hp\Desktop\car_test\belt\belt-cut\belt_0217_cut.wav,belt_chevrolet_traverse_2025,train
218,belt-218,Belt Tensioner / Engine Knock,Chevrolet,Colorado,2008,Gasoline,Pickup,High,Rough idle during startup with persistent knocking.,10 sec,Knocking sound from the engine despite replacing the belt and tensioner.,belt,C:\Users\hp\Desktop\car_test\belt\belt-cut\belt_0218_cut.wav,belt_chevrolet_colorado_2008,train
219,belt-219,Accessory Belt Noise,Honda,Civic,2013,Gasoline,Sedan,Medium,Appeared shortly after serpentine belt replacement; increases with engine RPM.,10 sec,Noise from the belt area that rises with engine speed.,belt,C:\Users\hp\Desktop\car_test\belt\belt-cut\belt_0219_cut.wav,belt_honda_civic_2013,train
220,belt-220,surpentine belt squeal ,Honda,Civic,2005,Gasoline,Sedan,Medium,Noise starts when the defroster is turned on.,5 sec,Belt squeal likely caused by A/C compressor load.,belt,C:\Users\hp\Desktop\car_test\belt\belt-cut\belt_0220_cut.wav,belt_honda_civic_2005,test
221,belt-221,Serpentine Belt Area Noise,Honda,Pilot,2012,Gasoline,SUV,Medium,Constant while engine is running.,10 sec,Noise coming from the serpentine belt area with no obvious pulley looseness.,belt,C:\Users\hp\Desktop\car_test\belt\belt-cut\belt_0221_cut.wav,belt_honda_pilot_2012,train
222,belt-222,Timing Belt Tensioner Noise,Volvo,S90,Unknown,Gasoline,Sedan,High,Constant engine operation with misfire codes present.,10 sec,Loud noise near the timing cover with possible timing belt tensioner movement.,belt,C:\Users\hp\Desktop\car_test\belt\belt-cut\belt_0222_cut.wav,__unique_belt_221,train
223,belt-223,Engine Internal Rattle,Honda,Civic,2013,Gasoline,Sedan,High,Present even after removing the serpentine belt.,10 sec,Grinding/rattling noise indicating the source is likely internal to the engine rather than the accessory drive.,belt,C:\Users\hp\Desktop\car_test\belt\belt-cut\belt_0223_cut.wav,belt_honda_civic_2013,train
224,belt-224,Engine Accessory Knock,Ford,F-150 XLT,1993,Gasoline,Pickup,Medium,Constant after replacing the belt and tensioner.,10 sec,Clacking noise remains although the previous belt squeal has disappeared.,belt,C:\Users\hp\Desktop\car_test\belt\belt-cut\belt_0224_cut.wav,belt_ford_f-150 xlt_1993,train
225,belt-225,Serpentine Belt Assembly Whine,Honda,Civic LX Coupe,2013,Gasoline,Coupe,Medium,Continuous while engine is running; A/C compressor cycles.,10 sec,Whining noise from the serpentine belt assembly after alternator replacement.,belt,C:\Users\hp\Desktop\car_test\belt\belt-cut\belt_0225_cut.wav,belt_honda_civic lx coupe_2013,train
226,belt-226,surpentine belt squeal ,Mazda,Mazda3,2010,Gasoline,Sedan,Medium,Whirling noise at idle after replacing the serpentine belt and tensioner; disappears while driving.,5 sec,Continuous whirling noise from the accessory drive system after repair.,belt,C:\Users\hp\Desktop\car_test\belt\belt-cut\belt_0226_cut.wav,belt_mazda_mazda3_2010,train
227,belt-227,Exhaust Leak / Belt Noise,Chevrolet,Silverado,2016,Gasoline,Pickup,Medium,Cold starts and sometimes uphill after sitting.,10 sec,High-pitched belt-area noise combined with a possible exhaust leak.,belt,C:\Users\hp\Desktop\car_test\belt\belt-cut\belt_0227_cut.wav,belt_chevrolet_silverado_2016,train
228,belt-228,surpentine belt squeal ,Toyota,Sienna,2007,Gasoline,Minivan,Medium,Constant after hitting road debris; louder with acceleration; temporarily stops when water is sprayed on the pulleys.,5 sec,Loud squealing from the serpentine belt or pulley area.,belt,C:\Users\hp\Desktop\car_test\belt\belt-cut\belt_0228_cut.wav,belt_toyota_sienna_2007,train
229,belt-229,surpentine belt squeal ,Acura,TL,2007,Gasoline,Sedan,Low,Whines while turning the steering wheel; improves after adding power steering fluid.,5 sec,Mild belt or power steering pump whine.,belt,C:\Users\hp\Desktop\car_test\belt\belt-cut\belt_0229_cut.wav,belt_acura_tl_2007,train
230,belt-230,Serpentine Belt Bearing Failure,Suzuki,Swift,2008,Gasoline,Hatchback,High,Loud rubbing noise followed by burning smell and engine stalling at idle.,5 sec,Bearing failure in the serpentine belt assembly causing overheating and belt odor.,belt,C:\Users\hp\Desktop\car_test\belt\belt-cut\belt_0230_cut.wav,belt_suzuki_swift_2008,test
231,belt-231,Cold Start Belt Squeal,Buick,Century Custom,1997,Gasoline,Sedan,Low,Most noticeable during cold starts; fades after about 20 minutes.,5 sec,Cold-start squeaking from the serpentine belt area.,belt,C:\Users\hp\Desktop\car_test\belt\belt-cut\belt_0231_cut.wav,belt_buick_century custom_1997,train
232,belt-232,Belt Tensioner ,Unknown,Unknown,Unknown,Unknown,Unknown,Medium,Noise and pulley wobble persist after replacing the pulley.,5 sec,Belt noise likely caused by pulley misalignment or a faulty tensioner.,belt,C:\Users\hp\Desktop\car_test\belt\belt-cut\belt_0232_cut.wav,__unique_belt_231,train
233,belt-233,Serpentine Belt Noise,Nissan,Murano,Unknown,Gasoline,SUV,Medium,Started the day after replacing the belt and power steering components.,9 sec,New abnormal noise following serpentine belt and power steering repairs.,belt,C:\Users\hp\Desktop\car_test\belt\belt-cut\belt_0233_cut.wav,__unique_belt_232,train
234,belt-234,Noise After Belt Replacement,Honda,Civic,2013,Gasoline,Sedan,Medium,Began after replacing the serpentine belt.,5 sec,Periodic noise from the right side of the engine near the belt assembly.,belt,C:\Users\hp\Desktop\car_test\belt\belt-cut\belt_0234_cut.wav,belt_honda_civic_2013,train
235,belt-235,Serpentine Belt Whirring,Unknown,Unknown,Unknown,Unknown,Unknown,Medium,Loud whirring at idle.,5 sec,Continuous whirring noise from the serpentine belt.,belt,C:\Users\hp\Desktop\car_test\belt\belt-cut\belt_0235_cut.wav,__unique_belt_234,train
236,belt-236,Idler Pulley / Belt Squeal,Unknown,Unknown,Unknown,Unknown,Unknown,Medium,Noise became louder after replacing the serpentine belt idler pulley.,10 sec,Persistent squeaking despite recent pulley replacement.,belt,C:\Users\hp\Desktop\car_test\belt\belt-cut\belt_0236_cut.wav,__unique_belt_235,train
237,belt-237,Drive Belt Pulley Noise,Mitsubishi,Pajero,1990,Gasoline,SUV,Medium,After long-term storage with engine vibrations and ticking.,10 sec,Engine ticking possibly related to loose drive belt pulleys or hydraulic lifters.,belt,C:\Users\hp\Desktop\car_test\belt\belt-cut\belt_0237_cut.wav,belt_mitsubishi_pajero_1990,train
238,belt-238,surpentine belt squeal ,Honda,Accord EX Coupe V6,2000,Gasoline,Sedan,High,High-pitched squeal after installing a new belt; pulley stops spinning under load.,5 sec,Accessory pulley seizing after serpentine belt replacement.,belt,C:\Users\hp\Desktop\car_test\belt\belt-cut\belt_0238_cut.wav,belt_honda_accord ex coupe v6_2000,train
239,belt-239,surpentine belt squeal ,Honda,Civic,2019,Gasoline,Sedan,Medium,Continuous after replacing the water pump; A/C pulley appears crooked.,5 sec,Belt system noise likely related to the A/C compressor pulley.,belt,C:\Users\hp\Desktop\car_test\belt\belt-cut\belt_0239_cut.wav,belt_honda_civic_2019,val
240,belt-240,Serpentine Belt / Intake Noise,Volkswagen,Golf R32 Mk5,Unknown,Gasoline,Hatchback,Medium,Loud screaming noise while stationary; disappears when driving.,10 sec,Screaming noise initially suspected to be belt-related but may involve an intake air leak.,belt,C:\Users\hp\Desktop\car_test\belt\belt-cut\belt_0240_cut.wav,__unique_belt_239,train
241,belt-241,Belt Tensioner Noise,BMW,528i,2013,Gasoline,Sedan,High,Appears after 5–10 minutes of driving; louder when coasting or idling.,10 sec,Noise persists despite replacing the serpentine belt and tensioner.,belt,C:\Users\hp\Desktop\car_test\belt\belt-cut\belt_0241_cut.wav,belt_bmw_528i_2013,test
242,belt-242,Engine Tapping Noise,Honda,Accord V6,2009,Gasoline,Sedan,High,Tapping speed increases with engine RPM.,10 sec,"Loud tapping noise from the front of the engine, unrelated to the timing belt tensioner.",belt,C:\Users\hp\Desktop\car_test\belt\belt-cut\belt_0242_cut.wav,belt_honda_accord v6_2009,train
243,belt-243,surpentine belt squeal ,Jeep,Compass,2012,Gasoline,SUV,Medium,Constant engine operation.,5 sec,Rattling noise from the serpentine belt area.,belt,C:\Users\hp\Desktop\car_test\belt\belt-cut\belt_0243_cut.wav,belt_jeep_compass_2012,val
244,belt-244,surpentine belt squeal ,Honda,Accord V6,2009,Gasoline,Sedan,Medium,Louder on cold starts; increases with RPM; fades after warming up.,5 sec,Clicking noise from the serpentine belt area.,belt,C:\Users\hp\Desktop\car_test\belt\belt-cut\belt_0244_cut.wav,belt_honda_accord v6_2009,train
245,belt-245,Tensioner Pulley / Timing Belt Noise,Honda,Accord,2010,Gasoline,Sedan,High,Constant loud engine noise during operation.,10 sec,Loud laboring noise possibly caused by the tensioner pulley or timing belt.,belt,C:\Users\hp\Desktop\car_test\belt\belt-cut\belt_0245_cut.wav,belt_honda_accord_2010,train
246,belt-246,surpentine belt squeal ,Toyota,Corolla LE,2006,Gasoline,Sedan,Medium,Belt squeals on startup and during acceleration; temporarily quiet after applying lubricant.,5 sec,Belt squeal associated with the power steering system.,belt,C:\Users\hp\Desktop\car_test\belt\belt-cut\belt_0246_cut.wav,belt_toyota_corolla le_2006,train
247,belt-247,surpentine belt squeal ,Kia,Rio,Unknown,Gasoline,Hatchback,Low,Squeaks while accelerating from a stop.,5 sec,Loose or worn serpentine belt causing acceleration squeak.,belt,C:\Users\hp\Desktop\car_test\belt\belt-cut\belt_0247_cut.wav,__unique_belt_246,val
248,belt-248,surpentine belt squeal ,Honda,Accord LX V6,2005,Gasoline,Sedan,Medium,Persistent after installing a new belt.,5 sec,Rattling noise despite replacing the serpentine belt.,belt,C:\Users\hp\Desktop\car_test\belt\belt-cut\belt_0248_cut.wav,belt_honda_accord lx v6_2005,test
249,belt-249,surpentine belt squeal ,Hyundai,Santa Fe,2011,Gasoline,SUV,Medium,Continuous after replacing the serpentine belt.,5 sec,Chirping noise likely caused by a pulley or accessory bearing rather than the belt itself.,belt,C:\Users\hp\Desktop\car_test\belt\belt-cut\belt_0249_cut.wav,belt_hyundai_santa fe_2011,train
250,belt-250,surpentine belt squeal ,Cadillac,Eldorado,1997,Gasoline,Coupe,High,Rough idle and occasional stalling during cold starts.,5 sec,Loud noise from the serpentine belt area accompanied by unstable engine idle.,belt,C:\Users\hp\Desktop\car_test\belt\belt-cut\belt_0250_cut.wav,belt_cadillac_eldorado_1997,train
251,belt-251,Idler Pulley / Belt Squeal,Ford,Mustang GT,2000,Gasoline,Coupe,Medium,"Started only after warming up, now occurs constantly.",8 sec,Continuous squealing noise from the left side of the engine despite replacing the serpentine belt and idler pulley.,belt,C:\Users\hp\Desktop\car_test\belt\belt-cut\belt_0251_cut.wav,belt_ford_mustang gt_2000,train
252,belt-252,Accessory Belt / Pulley Squeal,Subaru,WRX,2020,Gasoline,Sedan,Medium,Only while driving; disappears immediately after repair but later returns.,7 sec,Intermittent squealing noise from the accessory drive system.,belt,C:\Users\hp\Desktop\car_test\belt\belt-cut\belt_0252_cut.wav,belt_subaru_wrx_2020,train
253,belt-253,Serpentine Belt Squeal,Honda,Civic (8th Gen),Unknown,Gasoline,Sedan,Medium,Occurs when accelerating from a stop and sometimes during acceleration.,7 sec,Intermittent belt squeal likely from the serpentine belt or pulley.,belt,C:\Users\hp\Desktop\car_test\belt\belt-cut\belt_0253_cut.wav,__unique_belt_252,train
254,belt-254,Serpentine Belt Noise,Unknown,Unknown,Unknown,Unknown,Unknown,Medium,Noise present during normal engine operation.,10 sec,Engine noise suspected to originate from the drive/serpentine belt.,belt,C:\Users\hp\Desktop\car_test\belt\belt-cut\belt_0254_cut.wav,__unique_belt_253,train
255,belt-255,Belt Tensioner / Pulley Whine,Ford,Mustang GT,2005,Gasoline,Coupe,Medium,Whining noise during engine operation with occasional cold-start issues.,10 sec,Grinding or whining sound from the accessory belt system.,belt,C:\Users\hp\Desktop\car_test\belt\belt-cut\belt_0255_cut.wav,belt_ford_mustang gt_2005,train
256,belt-256,Cold Start Belt Squeal,Nissan,Maxima SV,2011,Gasoline,Sedan,Medium,Only during cold starts after replacing and tightening the serpentine belts.,10 sec,Belt slipping noise indicating a worn serpentine belt.,belt,C:\Users\hp\Desktop\car_test\belt\belt-cut\belt_0256_cut.wav,belt_nissan_maxima sv_2011,train
257,belt-257,Worn Serpentine Belt,Unknown,Unknown,Unknown,Unknown,Unknown,Low,Belt squeal disappears when the belt is sprayed with water.,10 sec,Belt slipping noise indicating a worn serpentine belt.,belt,C:\Users\hp\Desktop\car_test\belt\belt-cut\belt_0257_cut.wav,__unique_belt_256,train
258,belt-258,Engine Accessory Rattle,Acura,TL,2008,Gasoline,Sedan,Medium,Noise increases with engine RPM.,10 sec,"Rattling noise from the front engine area, unlikely to be the timing belt tensioner.",belt,C:\Users\hp\Desktop\car_test\belt\belt-cut\belt_0258_cut.wav,belt_acura_tl_2008,train
259,belt-259,Engine Accessory Squeak,Ford,Mustang,1970,Gasoline,Coupe,Medium,Continuous while engine is running.,5 sec,Loud squeaking noise not believed to be caused by the belt itself.,belt,C:\Users\hp\Desktop\car_test\belt\belt-cut\belt_0259_cut.wav,belt_ford_mustang_1970,train
260,belt-260,Belt / Pulley Screech,Unknown,Unknown,Unknown,Unknown,Unknown,Medium,Continuous during engine operation.,10 sec,Screeching or squealing noise possibly related to the accessory belt system.,belt,C:\Users\hp\Desktop\car_test\belt\belt-cut\belt_0260_cut.wav,__unique_belt_259,train
261,belt-261,Accessory Belt Assembly Squeal,BMW,128i,2012,Gasoline,Coupe,Medium,Loudest at idle and changes with engine RPM.,10 sec,"Persistent squealing despite replacing the belt, tensioner, and idler pulley.",belt,C:\Users\hp\Desktop\car_test\belt\belt-cut\belt_0261_cut.wav,belt_bmw_128i_2012,train
262,belt-262,Serpentine Belt Tick,Volvo,C30,2009,Gasoline,Hatchback,Medium,Ticking follows engine speed; belt has previously been contaminated with fluid.,8 sec,Ticking noise suspected to come from the serpentine belt.,belt,C:\Users\hp\Desktop\car_test\belt\belt-cut\belt_0262_cut.wav,belt_volvo_c30_2009,test
263,belt-263,Internal Engine Knock,Chevrolet,Silverado,2008,Gasoline,Pickup,High,Noise remains with the serpentine belt removed and decreases after warming up.,8 sec,Internal knocking noise likely unrelated to the accessory drive.,belt,C:\Users\hp\Desktop\car_test\belt\belt-cut\belt_0263_cut.wav,belt_chevrolet_silverado_2008,train
264,belt-264,Belt Slip Noise,Mercedes-Benz,W210 (M112 2.8L),Unknown,Gasoline,Sedan,High,Began after replacing the serpentine belt and related components.,8 sec,Knocking noise from the front of the engine near the crank pulley.,belt,C:\Users\hp\Desktop\car_test\belt\belt-cut\belt_0264_cut.wav,__unique_belt_263,test
265,belt-265,Engine Tick,Volkswagen,Jetta,2011,Gasoline,Sedan,Medium,Continues after timing belt and serpentine belt replacement.,8 sec,Pronounced engine ticking likely unrelated to the accessory belt.,belt,C:\Users\hp\Desktop\car_test\belt\belt-cut\belt_0265_cut.wav,belt_volkswagen_jetta_2011,train
266,belt-266,Belt Tensioner Rattle,BMW,B37 Diesel,Unknown,Diesel,Hatchback,High,Loud rattling at idle after auxiliary belt replacement; disappears with throttle.,10 sec,Excessive tensioner movement causing rattling noise after repair.,belt,C:\Users\hp\Desktop\car_test\belt\belt-cut\belt_0266_cut.wav,__unique_belt_265,test
267,belt-267,Belt Slip Noise,Unknown,Unknown,Unknown,Unknown,Unknown,Low,Belt slipping noise after tensioner adjustment.,9 sec,Slight belt slipping noise with possible belt wear.,belt,C:\Users\hp\Desktop\car_test\belt\belt-cut\belt_0267_cut.wav,__unique_belt_266,train
268,belt-268,Timing Belt / Water Pump Tick,Fiat,500 Abarth,2012,Gasoline,Hatchback,Medium,Began immediately after timing belt and water pump replacement.,9 sec,New ticking noise from the passenger side following repair.,belt,C:\Users\hp\Desktop\car_test\belt\belt-cut\belt_0268_cut.wav,belt_fiat_500 abarth_2012,test
269,belt-269,Belt Tensioner Noise,Mazda,MX-5 Miata,2000,Gasoline,Convertible,Medium,Noise persists after installing new belts and tightening them.,9 sec,Belt or tensioner-related squealing noise.,belt,C:\Users\hp\Desktop\car_test\belt\belt-cut\belt_0269_cut.wav,belt_mazda_mx-5 miata_2000,val
270,belt-270,Belt Bearing Noise,Pontiac,Grand Prix,2006,Gasoline,Sedan,Medium,Belt wobble and noise remain after replacing the belt tensioner.,6 sec,Persistent belt wobble suggesting a faulty pulley bearing.,belt,C:\Users\hp\Desktop\car_test\belt\belt-cut\belt_0270_cut.wav,belt_pontiac_grand prix_2006,train
271,belt-271,Belt Tensioner Tick,Honda,Civic,2008,Diesel,Hatchback,Medium,Constant while engine is running.,10 sec,Ticking noise with visible movement of the belt tensioner.,belt,C:\Users\hp\Desktop\car_test\belt\belt-cut\belt_0271_cut.wav,belt_honda_civic_2008,train
272,belt-272,Cold Start Belt Squeal,Unknown,Unknown,Unknown,Unknown,Unknown,Low,Only during cold starts and disappears after engine warms up; started after the belt became wet.,10 sec,New serpentine belt squeals during cold startup.,belt,C:\Users\hp\Desktop\car_test\belt\belt-cut\belt_0272_cut.wav,__unique_belt_271,val
273,belt-273,Serpentine Belt Rattle,Subaru,Forester,2010,Gasoline,SUV,Medium,"At idle, in Park, and during low-speed acceleration; worse with A/C on.",10 sec,Rattling noise from the accessory belt area.,belt,C:\Users\hp\Desktop\car_test\belt\belt-cut\belt_0273_cut.wav,belt_subaru_forester_2010,train
274,belt-274,Auxiliary Belt Noise,Audi,A1,2016,Gasoline,Hatchback,High,Belt noise present while the engine has poor running and loss of power.,7 sec,Auxiliary belt noise with engine power loss and rich exhaust smell.,belt,C:\Users\hp\Desktop\car_test\belt\belt-cut\belt_0274_cut.wav,belt_audi_a1_2016,train
275,belt-275,Pulley / Serpentine Belt Grinding,Honda,Accord EX V6,2004,Gasoline,Sedan,High,At idle and during acceleration.,10 sec,Loud grinding or chugging noise from the serpentine belt or pulley area.,belt,C:\Users\hp\Desktop\car_test\belt\belt-cut\belt_0275_cut.wav,belt_honda_accord ex v6_2004,train
276,belt-276,Accessory Pulley Bearing Noise,Toyota,Sienna,2014,Gasoline,Minivan,Medium,Worse when the A/C compressor or cooling fans engage.,10 sec,"Grinding noise persists after replacing the belt, idler, and tensioner pulleys.",belt,C:\Users\hp\Desktop\car_test\belt\belt-cut\belt_0276_cut.wav,belt_toyota_sienna_2014,test
277,belt-277,Cold Start Engine Noise,Ram,Warlock,2021,Gasoline,Pickup,Medium,Only when the engine is cold and outside temperature is very low.,7 sec,Cold-start noise initially suspected to be belt-related.,belt,C:\Users\hp\Desktop\car_test\belt\belt-cut\belt_0277_cut.wav,belt_ram_warlock_2021,train
278,belt-278,Serpentine Belt Noise,Nissan,Pathfinder,1996,Gasoline,SUV,Medium,Continuous while engine is running.,8 sec,Squealing/chirping noise from the accessory belt system.,belt,C:\Users\hp\Desktop\car_test\belt\belt-cut\belt_0278_cut.wav,belt_nissan_pathfinder_1996,test
279,belt-279,Engine Rattle,Citroën,Relay,Unknown,Diesel,Van,Medium,Worse at startup; disappears during highway driving.,8 sec,Engine rattling with an initial fan belt-like noise.,belt,C:\Users\hp\Desktop\car_test\belt\belt-cut\belt_0279_cut.wav,__unique_belt_278,train
280,belt-280,A/C Compressor Noise,Volkswagen,Jetta,2016,Gasoline,Sedan,Medium,Noise occurs only when the A/C is switched on.,8 sec,Repetitive revving noise from the A/C compressor area.,belt,C:\Users\hp\Desktop\car_test\belt\belt-cut\belt_0280_cut.wav,belt_volkswagen_jetta_2016,train
281,belt-281,Belt Tensioner / Crank Pulley Noise,Peugeot,308 SW,2011,Diesel,Wagon,Medium,More noticeable during cold starts and audible inside the cabin.,8 sec,Vibrating tensioner with unusual accessory belt noise.,belt,C:\Users\hp\Desktop\car_test\belt\belt-cut\belt_0281_cut.wav,belt_peugeot_308 sw_2011,train
282,belt-282,Water Pump Bearing Noise,Unknown,Unknown,Unknown,Unknown,Unknown,High,Only after engine reaches operating temperature.,5 sec,"Noise persists after replacing the tensioner and idler pulleys, likely from the water pump.",belt,C:\Users\hp\Desktop\car_test\belt\belt-cut\belt_0282_cut.wav,__unique_belt_281,train
283,belt-283,Idler Pulley Noise,Unknown,Unknown,Unknown,Unknown,Unknown,Medium,Constant while engine is running.,10 sec,Noise suspected to originate from the idler pulley.,belt,C:\Users\hp\Desktop\car_test\belt\belt-cut\belt_0283_cut.wav,__unique_belt_282,train
284,belt-284,Engine Knock After Belt Failure,Unknown,Unknown,Unknown,Unknown,Unknown,High,Started immediately after the idler pulley and belt failed.,10 sec,Ticking/knocking noise following idler pulley and belt failure.,belt,C:\Users\hp\Desktop\car_test\belt\belt-cut\belt_0284_cut.wav,__unique_belt_283,train
285,belt-285,Idler Pulley Noise,Unknown,Unknown,Unknown,Unknown,Unknown,Low,Noise returns after driving despite tightening the pulley bolt.,5 sec,Recurring idler pulley noise after temporary improvement.,belt,C:\Users\hp\Desktop\car_test\belt\belt-cut\belt_0285_cut.wav,__unique_belt_284,train
286,belt-286,Idler Pulley Bearing Noise,Subaru,Impreza Sport Limited,2012,Gasoline,Hatchback,Medium,Continuous while engine is running.,10 sec,Loud jet engine-like noise suspected to come from an idler pulley bearing.,belt,C:\Users\hp\Desktop\car_test\belt\belt-cut\belt_0286_cut.wav,belt_subaru_impreza sport limited_2012,val
287,belt-287,Idler Pulley Tick,Chevrolet,Silverado,2007,Gasoline,Pickup,Medium,Constant while engine is running.,10 sec,Ticking noise suspected to originate from the idler pulley.,belt,C:\Users\hp\Desktop\car_test\belt\belt-cut\belt_0287_cut.wav,belt_chevrolet_silverado_2007,test
288,belt-288,Pulley Bearing Squeak,Unknown,Unknown,Unknown,Unknown,Unknown,Medium,Continuous while engine is running.,8 sec,Squeaking noise likely caused by a pulley bearing rather than the belt.,belt,C:\Users\hp\Desktop\car_test\belt\belt-cut\belt_0288_cut.wav,__unique_belt_287,train
289,belt-289,Idler Pulley Bearing Whistle,Unknown,Unknown,Unknown,Unknown,Unknown,Medium,Constant while engine is running.,4 sec,High-pitched whistling noise with slight play in the upper pulley.,belt,C:\Users\hp\Desktop\car_test\belt\belt-cut\belt_0289_cut.wav,__unique_belt_288,train
290,belt-290,Harmonic Balancer Noise,Lexus,IS300,Unknown,Gasoline,Sedan,Medium,Continuous while engine is running after replacing the idler pulley bearing.,8 sec,Noise now coming from the crank pulley/harmonic balancer.,belt,C:\Users\hp\Desktop\car_test\belt\belt-cut\belt_0290_cut.wav,__unique_belt_289,train
291,belt-291,Idler Pulley Noise,Unknown,Unknown,Unknown,Unknown,Unknown,Medium,Constant during engine operation.,8 sec,Noise clearly coming from the idler pulley.,belt,C:\Users\hp\Desktop\car_test\belt\belt-cut\belt_0291_cut.wav,__unique_belt_290,test
292,belt-292,Idler Pulley Rattle,Lexus,GS400,Unknown,Gasoline,Sedan,Medium,Constant while engine is running.,8 sec,Metallic rattling noise suspected to originate from the idler pulley.,belt,C:\Users\hp\Desktop\car_test\belt\belt-cut\belt_0292_cut.wav,__unique_belt_291,val
293,belt-293,Timing Chain Noise,Hummer,H3,Unknown,Gasoline,SUV,Medium,More noticeable after replacing the idler pulley.,8 sec,Chain-like clicking noise from the front of the engine.,belt,C:\Users\hp\Desktop\car_test\belt\belt-cut\belt_0293_cut.wav,__unique_belt_292,train
294,belt-294,Accessory Drive Clanking,Jeep,Patriot,2016,Gasoline,SUV,High,Continuous after replacing the belt and idler pulleys.,10 sec,Loud clanking noise possibly from the A/C compressor or alternator.,belt,C:\Users\hp\Desktop\car_test\belt\belt-cut\belt_0294_cut.wav,belt_jeep_patriot_2016,train
295,belt-295,Belt Chirp,Ford,Mustang V6,2005,Gasoline,Convertible,Medium,During cold starts; disappears after about five minutes.,10 sec,Chirping noise remains after replacing the belt and pulleys.,belt,C:\Users\hp\Desktop\car_test\belt\belt-cut\belt_0295_cut.wav,belt_ford_mustang v6_2005,train
296,belt-296,Alternator / Bearing Chirp,Lexus,IS250,2012,Gasoline,Sedan,Medium,At operating temperature and low RPM; A/C has no effect.,8 sec,"Intermittent chirping after replacing the belt, tensioner, and idler pulley.",belt,C:\Users\hp\Desktop\car_test\belt\belt-cut\belt_0296_cut.wav,belt_lexus_is250_2012,train
297,belt-297,Cold Start Engine Noise,Toyota,Tundra TRD Pro,2020,Gasoline,Pickup,Medium,Cold starts only; disappears after about 30 seconds.,10 sec,Metallic ringing and engine noise following accessory drive repairs.,belt,C:\Users\hp\Desktop\car_test\belt\belt-cut\belt_0297_cut.wav,belt_toyota_tundra trd pro_2020,test
298,belt-298,Accessory Pulley Noise,GMC,Sierra 1500,2000,Gasoline,Pickup,Medium,Constant after replacing the serpentine belt.,10 sec,New engine bay noise likely related to an accessory pulley.,belt,C:\Users\hp\Desktop\car_test\belt\belt-cut\belt_0298_cut.wav,belt_gmc_sierra 1500_2000,train
299,belt-299,Pulley Noise,Volkswagen,Jetta,2009,Gasoline,Sedan,Medium,Continuous after replacing the idler and tensioner pulleys.,5 sec,Persistent accessory drive noise despite pulley replacement.,belt,C:\Users\hp\Desktop\car_test\belt\belt-cut\belt_0299_cut.wav,belt_volkswagen_jetta_2009,train
300,belt-300,A/C Compressor Tick,Chevrolet,Impala LS,2006,Gasoline,Sedan,Medium,Worse when the A/C compressor is engaged or under electrical load.,13 sec,"Vibrating/ticking noise from the belt side of the engine, possibly the A/C compressor.",belt,C:\Users\hp\Desktop\car_test\belt\belt-cut\belt_0300_cut.wav,belt_chevrolet_impala ls_2006,train
301,belt-301,surpentine belt squeal ,,,,Gasoline,,Medium,,14 sec,,belt,C:\Users\hp\Desktop\car_test\belt\belt-cut\belt_0301_cut.wav,__unique_belt_300,train
302,belt-302,surpentine belt squeal ,,,,Gasoline,,Medium,,6 sec,,belt,C:\Users\hp\Desktop\car_test\belt\belt-cut\belt_0302_cut.wav,__unique_belt_301,val
1,brake1,Brake Squeal,Subaru,Forester,2017.0,Gas,Unknown,Medium,"Occurs stops when the brake pedal is applied, when braking.",5.0,"Metal squealing sound from front passenger wheel, stops when braking",brake,C:\Users\hp\Desktop\car_test\brake\brake1.wav,brake_subaru_forester_2017.0,train
2,brake2,Brake Squeal,Subaru,Forester,2017.0,Gas,Unknown,Medium,"Occurs stops when the brake pedal is applied, when braking.",5.0,"Metal squealing sound from front passenger wheel, stops when braking",brake,C:\Users\hp\Desktop\car_test\brake\brake2.wav,brake_subaru_forester_2017.0,train
3,brake3,Brake Squeal,Toyota,RAV4,2007.0,Gas,Unknown,Medium,"Occurs during light braking, at low speed.",5.0,"Squealing noise when light braking at low speed, braking feels normal, likely rear brakes",brake,C:\Users\hp\Desktop\car_test\brake\brake3.wav,brake_toyota_rav4_2007.0,train
4,brake4,Brake Squeal,Unknown,,,Unknown,Unknown,Low,Condition not specified in the report.,5.0,"Squealing and grinding noise from wheel, likely brake-related",brake,C:\Users\hp\Desktop\car_test\brake\brake4.wav,__unique_brake_305,test
5,brake5,Brake Squeal,Unknown,,,Unknown,Unknown,Medium,"Occurs stops when the brake pedal is applied, when braking, while driving.",5.0,"Squealing noise while driving that stops when braking, likely brake pad wear or contact issue.",brake,C:\Users\hp\Desktop\car_test\brake\brake5.wav,__unique_brake_306,test
6,brake6,brake_squeal,Ford,Explorer,2021.0,Gas,Unknown,Medium,Occurs while driving.,5.0,Squealing noise while driving from front right area.,brake,C:\Users\hp\Desktop\car_test\brake\brake6.wav,brake_ford_explorer_2021.0,train
7,brake7,brake_squeal,Mazda,3,2015.0,Gas,Unknown,High,Occurs when releasing the brake pedal.,5.0,High-pitched squealing noise when braking and also when releasing brake pedal after recent suspension work (control arms and tie rods).,brake,C:\Users\hp\Desktop\car_test\brake\brake7.wav,brake_mazda_3_2015.0,train
8,brake8,brake_squeal,Nissan,Versa,2010.0,Unknown,Unknown,Low,"Occurs at low speed (5–20 mph), after recent brake service.",5.0,"Loud squealing noise at low speeds (5–20 mph) from rear area, not related to braking and persists after brake pads replacement.",brake,C:\Users\hp\Desktop\car_test\brake\brake8.wav,brake_nissan_versa_2010.0,train
9,brake9,brake_squeal,Nissan,Versa,2010.0,Gas,Sedan,Medium,Condition not specified in the report.,5.9,Squealing noise caused by a small stone trapped in the brake assembly.,brake,C:\Users\hp\Desktop\car_test\brake\brake9.wav,brake_nissan_versa_2010.0,train
10,brake10,brake_squeal,Chery,,,Gas,Unknown,Medium,Condition not specified in the report.,4.89,Brake squealing caused by damaged or worn brake pads.,brake,C:\Users\hp\Desktop\car_test\brake\brake10.wav,__unique_brake_311,train
11,brake11,brake_squeal,Unknown,,,Unknown,Unknown,Medium,Occurs during braking.,4.94,Loud brake squealing noise during braking.,brake,C:\Users\hp\Desktop\car_test\brake\brake11.wav,__unique_brake_312,train
12,brake12,brake_squeal,Mercedes-Benz,EQS,2024.0,Gas,Unknown,Medium,Condition not specified in the report.,3.02,Squealing noise from brake pads contacting the brake rotor.,brake,C:\Users\hp\Desktop\car_test\brake\brake12.wav,brake_mercedes-benz_eqs_2024.0,train
13,brake13,brake_squeal,Mercedes-Benz,EQS,2024.0,Gas,Unknown,High,Condition not specified in the report.,5.02,Brake pad wear indicator producing squealing noise due to low brake pad level.,brake,C:\Users\hp\Desktop\car_test\brake\brake13.wav,brake_mercedes-benz_eqs_2024.0,train
14,brake14,brake_squeal,Jeep,Land,2022.0,Gas,Unknown,High,Occurs when pressing the brake pedal.,4.0,Noise occurs when pressing the brake pedal on a 2022 Jeep Land after multiple brake component replacements.,brake,C:\Users\hp\Desktop\car_test\brake\brake14.wav,brake_jeep_land_2022.0,train
15,brake15,brake_squeal,Jeep,Land,2022.0,Gas,Unknown,High,Occurs when applying the brakes.,4.0,Squeaking noise when applying brakes despite previous repairs and part replacements.,brake,C:\Users\hp\Desktop\car_test\brake\brake15.wav,brake_jeep_land_2022.0,train
16,brake16,brake_squeal,Unknown,,,Gas,Unknown,High,Condition not specified in the report.,5.0,Brake pedal makes hissing/air sound with stiffness or inconsistent braking response.,brake,C:\Users\hp\Desktop\car_test\brake\brake16.wav,__unique_brake_317,test
17,brake17,brake_squeal,Toyota,RAV4,2007.0,Gas,Unknown,Low,Condition not specified in the report.,5.0,Brake squealing noise that disappeared after applying spray to brake components.,brake,C:\Users\hp\Desktop\car_test\brake\brake17.wav,brake_toyota_rav4_2007.0,train
18,brake18,brake_squeal,Nissan,Versa,2010.0,Gas,Unknown,Medium,Occurs while driving.,4.0,Squealing or scraping noise coming from brake system during driving or braking.,brake,C:\Users\hp\Desktop\car_test\brake\brake18.wav,brake_nissan_versa_2010.0,train
19,brake19,brake_squeal,Chery,,,Gas,Unknown,Medium,Occurs during braking.,4.0,Brake pads causing squealing noise during braking.,brake,C:\Users\hp\Desktop\car_test\brake\brake19.wav,__unique_brake_320,train
20,brake20,brake_squeal,Hyundai,Tucson,2010.0,Gas,Unknown,Medium,Occurs during braking.,4.0,Knocking sound from brakes during braking.,brake,C:\Users\hp\Desktop\car_test\brake\brake20.wav,brake_hyundai_tucson_2010.0,train
21,brake21,brake_squeal,Subaru,Forester,2017.0,Gas,Unknown,Medium,"Occurs when braking, while turning.",4.0,"Brake squealing noise occurs while turning, but not when brakes are applied directly.",brake,C:\Users\hp\Desktop\car_test\brake\brake21.wav,brake_subaru_forester_2017.0,train
22,brake22,brake_squeal,Toyota,RAV4,2007.0,Gas,Unknown,Low,Condition not specified in the report.,15.67,"Squealing noise from one wheel after brake job, caused by a small pebble trapped between brake pad and rotor.",brake,C:\Users\hp\Desktop\car_test\brake\brake22.wav,brake_toyota_rav4_2007.0,train
23,brake23,brake_squeal,Subaru,Forester,2017.0,Diesel,Unknown,Medium,"Occurs stops when the brake pedal is applied, when braking, while driving.",11.17,Loud squealing and metal rubbing noise from wheel during driving that stops when brakes are applied.,brake,C:\Users\hp\Desktop\car_test\brake\brake23.wav,brake_subaru_forester_2017.0,train
24,brake24,brake_clicking_noise,Honda,Civic,2007.0,Gas,Unknown,Medium,"Occurs when braking, at low speed.",17.79,"Loud clicking sound from front driver side when braking at low speeds, with additional brake squealing present.",brake,C:\Users\hp\Desktop\car_test\brake\brake24.wav,brake_honda_civic_2007.0,train
25,brake25,brake_squeal,Nissan,Versa,2010.0,Gas,Unknown,Medium,Occurs at low speed.,14.38,"Rear wheel squealing noise at low speeds, classified as brake-related issue.",brake,C:\Users\hp\Desktop\car_test\brake\brake25.wav,brake_nissan_versa_2010.0,train
26,brake26,brake_squeal,Lexus,IS 300h,2017.0,Gas,Unknown,Low,"Occurs during light braking, at low speed.",8.0,Brake squealing noise during light braking at low speeds after recent brake and rotor replacement.,brake,C:\Users\hp\Desktop\car_test\brake\brake26.wav,brake_lexus_is 300h_2017.0,train
27,brake27,brake_squeal,Lexus,IS 300h,2017.0,Gas,Unknown,Low,"Occurs during light braking, at low speed.",5.0,Brake squealing noise during light braking at low speeds after recent brake and rotor replacement.,brake,C:\Users\hp\Desktop\car_test\brake\brake27.wav,brake_lexus_is 300h_2017.0,train
28,brake28,brake_squeal,Ford,Explorer,2021.0,Gas,Unknown,High,Occurs in reverse.,12.0,"Rear squealing noise after sudden loud metal 'thwang' sound, louder in reverse and not related to braking.",brake,C:\Users\hp\Desktop\car_test\brake\brake28.wav,brake_ford_explorer_2021.0,train
29,brake29,brake_squeal,Unknown,,,Unknown,Unknown,Medium,Occurs during braking.,8.0,Loud ringing/bell-like noise during braking that worsens over time and continues briefly after releasing the brake.,brake,C:\Users\hp\Desktop\car_test\brake\brake29.wav,__unique_brake_330,val
30,brake30,brake_grinding,Honda,Civic,2007.0,Gas,Unknown,High,Occurs when braking.,10.0,Grinding noise when braking that does not sound like typical brake squeal.,brake,C:\Users\hp\Desktop\car_test\brake\brake30.wav,brake_honda_civic_2007.0,train
31,brake31,brake_squeal,Unknown,,,Unknown,Unknown,Medium,Occurs in wet conditions.,5.0,Brake squealing noise appears after a few minutes of driving and is reduced in wet conditions.,brake,C:\Users\hp\Desktop\car_test\brake\brake31.wav,__unique_brake_332,train
32,brake32,brake_squeal,Subaru,Forester,2017.0,Gas,Unknown,Medium,"Occurs during braking, at low speed, while turning.",2.75,"Squealing noise at low speeds, more noticeable while turning and occasionally during braking.",brake,C:\Users\hp\Desktop\car_test\brake\brake32.wav,brake_subaru_forester_2017.0,train
33,brake33,brake_squeal,Ford,Explorer,2021.0,Gas,Unknown,Medium,"Occurs at low speed, over bumps.",9.0,"Intermittent squealing noise from front-right wheel area, most noticeable during right turns at low speeds and sometimes over bumps.",brake,C:\Users\hp\Desktop\car_test\brake\brake33.wav,brake_ford_explorer_2021.0,train
34,brake34,brake_squeal,Honda,Civic,2007.0,Gas,Unknown,High,Occurs during hard braking.,3.61,Continuous squealing from front driver side wheel with grinding noise during hard braking and excessive heat in wheel area.,brake,C:\Users\hp\Desktop\car_test\brake\brake34.wav,brake_honda_civic_2007.0,train
35,brake35,brake_squeal,Vauxhall,,,Gas,Unknown,Medium,Condition not specified in the report.,5.79,"Front right squealing noise occurring during left turns, shortly after recent brake service.",brake,C:\Users\hp\Desktop\car_test\brake\brake35.wav,__unique_brake_336,train
36,brake36,brake_squeal,Unknown,,,Unknown,Unknown,High,Condition not specified in the report.,9.32,High-pitched squealing noise appearing after sustained high-speed driving and heat buildup despite recent caliper replacement.,brake,C:\Users\hp\Desktop\car_test\brake\brake36.wav,__unique_brake_337,val
37,brake37,brake_squeal,Nissan,Rogue,2010.0,Gas,SUV,Medium,"Occurs during braking, while driving.",13.4,"Squealing or scraping noise while driving without braking on a 2010 Nissan Rogue, with intermittent brake noise during braking.",brake,C:\Users\hp\Desktop\car_test\brake\brake37.wav,brake_nissan_rogue_2010.0,train
38,brake38,brake_squeal,Toyota,4Runner,2018.0,Gas,SUV,High,Condition not specified in the report.,11.22,Very loud squealing noise from wheel/brake area on a 2018 Toyota 4Runner.,brake,C:\Users\hp\Desktop\car_test\brake\brake38.wav,brake_toyota_4runner_2018.0,train
39,brake39,brake_squeal,Unknown,,,Unknown,Unknown,Medium,Occurs during braking.,6.0,Squealing noise during braking that sounds like it comes from the caliper area.,brake,C:\Users\hp\Desktop\car_test\brake\brake39.wav,__unique_brake_340,train
40,brake40,brake_squeal,Chevrolet,Malibu,2014.0,Gas,Unknown,High,Condition not specified in the report.,7.0,"Brake squealing noise worsened by humid or rainy conditions, accompanied by reduced braking performance.",brake,C:\Users\hp\Desktop\car_test\brake\brake40.wav,brake_chevrolet_malibu_2014.0,train
41,brake41,brake_squeal,Subaru,Forester,2017.0,Gas,Unknown,Medium,"Occurs at low speed, in reverse.",5.0,Front driver side squealing noise occurring only in reverse at low speed without braking.,brake,C:\Users\hp\Desktop\car_test\brake\brake41.wav,brake_subaru_forester_2017.0,train
42,brake42,brake_squeal,Ford,Explorer,2021.0,Hybrid,Unknown,Medium,Occurs at low speed.,9.82,Rear passenger side squealing noise appearing suddenly and persisting at low speeds without braking input.,brake,C:\Users\hp\Desktop\car_test\brake\brake42.wav,brake_ford_explorer_2021.0,train
43,bake43,brake_squeal,Hyundai,Tucson,2010.0,Gas,Unknown,Medium,"Occurs disappears when the brake pedal is applied, when braking, after the brakes warm up.",10.0,"Persistent front-left squealing noise that disappears when braking, changes with steering input, and worsens after warming up.",brake,C:\Users\hp\Desktop\car_test\brake\brake43.wav,brake_hyundai_tucson_2010.0,train
44,brake44,brake_squeal,Dodge,Nitro,,Gas,Unknown,Low,Occurs during braking.,5.0,"Squealing noise after recent brake pads and rotor replacement, louder during braking.",brake,C:\Users\hp\Desktop\car_test\brake\brake44.wav,__unique_brake_345,train
45,brake45,brake_squeal,Chevrolet,Malibu,2014.0,Gas,Unknown,Medium,"Occurs during braking, while driving.",25.79,Brake-related squeaking during braking with additional lighter squeak while driving without brake application.,brake,C:\Users\hp\Desktop\car_test\brake\brake45.wav,brake_chevrolet_malibu_2014.0,train
46,brake46,brake_squeal,GMC,Sierra 1500,2019.0,Gas,Unknown,Medium,Occurs when pressing the brake pedal.,12.69,"Squeaking noise when pressing brake pedal, originating from pedal or booster area rather than wheel assemblies.",brake,C:\Users\hp\Desktop\car_test\brake\brake46.wav,brake_gmc_sierra 1500_2019.0,train
47,brake47,brake_squeal,Toyota,RAV4,2007.0,Hybrid,Unknown,Medium,Occurs at low speed.,35.33,"Squeaking and screeching noises occurring after front brake pads and rotors replacement, especially at low speeds and during stopping.",brake,C:\Users\hp\Desktop\car_test\brake\brake47.wav,brake_toyota_rav4_2007.0,train
48,brake48,brake_squeal,Mercedes-Benz,EQS,2024.0,Gas,Unknown,Medium,"Occurs when braking, while driving.",5.61,Rhythmic squeaking noise while driving that disappears completely when braking.,brake,C:\Users\hp\Desktop\car_test\brake\brake48.wav,brake_mercedes-benz_eqs_2024.0,train
49,brake49,brake_squeal,Chevrolet,Malibu,2014.0,Gas,Unknown,Medium,"Occurs when braking, while driving.",11.0,Squealing noise during braking and a lighter squeak while driving without brake application.,brake,C:\Users\hp\Desktop\car_test\brake\brake49.wav,brake_chevrolet_malibu_2014.0,train
50,brake50,brake_squeal,Honda,Civic,2007.0,Gas,Unknown,Low,Condition not specified in the report.,15.0,"Intermittent squeaking noise from rear right wheel occurring at a specific rotation point, not directly affected by braking.",brake,C:\Users\hp\Desktop\car_test\brake\brake50.wav,brake_honda_civic_2007.0,train
51,brake51,brake_squeal,Mazda,3,2015.0,Gas,Unknown,Medium,Occurs at low speed.,40.21,"High-pitched squeaking noise occurring mainly during deceleration (lifting off accelerator) at low speeds, reduced during acceleration and lightened by braking.",brake,C:\Users\hp\Desktop\car_test\brake\brake51.wav,brake_mazda_3_2015.0,train
52,brake52,brake_squeal,Volkswagen,Jetta,2017.0,Gas,Unknown,Low,"Occurs at low speed, while driving.",28.14,"Squeaking noise at low speeds while driving, despite brake pads appearing in good condition.",brake,C:\Users\hp\Desktop\car_test\brake\brake52.wav,brake_volkswagen_jetta_2017.0,train
53,brake53,brake_squeal,Mercedes-Benz,EQS,2024.0,Electric,Unknown,Low,"Occurs during braking, at low speed.",53.93,"Loud squealing at low speeds and during braking in a low-mileage EV, persisting after brake and rotor replacement.",brake,C:\Users\hp\Desktop\car_test\brake\brake53.wav,brake_mercedes-benz_eqs_2024.0,train
54,brake54,brake_squeal,Dodge,Nitro,,Gas,Unknown,Medium,Occurs during light braking.,8.77,"Squeaking/metal rubbing noise during light braking that disappears under hard braking, appearing after warm-up on one side despite full brake system replacement.",brake,C:\Users\hp\Desktop\car_test\brake\brake54.wav,__unique_brake_355,test
55,brake55,brake_squeal,Unknown,,,Gas,Unknown,Low,Condition not specified in the report.,26.73,Intermittent high-pitched squeaking noise from front right wheel after recent brake pad and disc replacement.,brake,C:\Users\hp\Desktop\car_test\brake\brake55.wav,__unique_brake_356,val
56,brake56,brake_squeal,RAM,,,Unknown,Unknown,High,Condition not specified in the report.,8.3,Progressive squeal evolving into clunk and vibration from front-left wheel with heat and brake smell indicates likely stuck caliper or severe brake drag causing overheating and rotor stress.,brake,C:\Users\hp\Desktop\car_test\brake\brake56.wav,__unique_brake_357,test
57,brake57,brake_squeal,Honda,Civic,2007.0,Gas,Unknown,Medium,Condition not specified in the report.,9.58,"High-pitched squeal from front brakes after recent pad and rotor replacement, mainly at low-speed braking.",brake,C:\Users\hp\Desktop\car_test\brake\brake57.wav,brake_honda_civic_2007.0,train
58,brake58,brake_squeal,Honda,CRV,2017.0,Gas,SUV,Low,Occurs when pressing the brake pedal.,12.71,Squeaking noise coming from inside cabin when pressing brake pedal on a 2017 Honda CRV with relatively new brake components.,brake,C:\Users\hp\Desktop\car_test\brake\brake58.wav,brake_honda_crv_2017.0,test
59,brake59,brake_squeal,Ford,Explorer,2021.0,Gas,Unknown,Low,Condition not specified in the report.,38.81,Initial brake application squeak from rear drum brakes that disappears as braking continues on a Ford Focus 2002.,brake,C:\Users\hp\Desktop\car_test\brake\brake59.wav,brake_ford_explorer_2021.0,train
60,brake60,brake_squeal,Skoda,1,2014.0,Gas,Unknown,Medium,"Occurs during braking, while driving.",15.0,"Intermittent squeaking/chirping noise from wheel or engine-bay area occurring after warm-up, present during driving and turning, and also during braking on a 2014 Skoda 1.2 TSI.",brake,C:\Users\hp\Desktop\car_test\brake\brake60.wav,brake_skoda_1_2014.0,val
61,brake61,brake_squeal,Unknown,,,Unknown,Unknown,Low,Occurs after the vehicle has been parked/sitting.,10.6,"Repetitive low-speed cyclical squeaking noise from wheel/brake area during city driving under 20 km/h, absent at highway speeds or after parking.",brake,C:\Users\hp\Desktop\car_test\brake\brake61.wav,__unique_brake_362,test
62,brake62,brake_squeal,Toyota,Corolla Most,2014.0,Gas,Sedan,Low,Occurs during light braking.,52.03,Low-speed squeaking noise during coasting that disappears or reduces significantly during braking on a 2014 Toyota Corolla,brake,C:\Users\hp\Desktop\car_test\brake\brake62.wav,brake_toyota_corolla most_2014.0,test
63,brake63,brake_squeal,Toyota,Tacoma,2015.0,Gas,Pickup Truck,Low,Condition not specified in the report.,52.03,Persistent wheel-area squeaking from stop up to 25–30 mph that disappears at higher speeds in a 2015 Toyota Tacoma.,brake,C:\Users\hp\Desktop\car_test\brake\brake63.wav,brake_toyota_tacoma_2015.0,test
64,brake64,brake_squeal,Ford,Explorer,2021.0,Gas,Unknown,Medium,Condition not specified in the report.,20.0,"Speed-dependent squeaking that disappears in neutral, indicating a driveline-related noise rather than brakes or wheel components.",brake,C:\Users\hp\Desktop\car_test\brake\brake64.wav,brake_ford_explorer_2021.0,train
65,brake65,brake_squeal,Honda,Civic,2007.0,Gas,Unknown,Medium,Condition not specified in the report.,15.0,Cyclical squeaking from the rear-right wheel that follows wheel rotation and is unaffected by braking.,brake,C:\Users\hp\Desktop\car_test\brake\brake65.wav,brake_honda_civic_2007.0,train
66,brake66,brake_squeal,Volkswagen,Jetta,2017.0,Gas,Sedan,Medium,Occurs during light braking.,28.14,Intermittent squeaking noise from the wheel area at low driving speeds on a 2017 VW Jetta.,brake,C:\Users\hp\Desktop\car_test\brake\brake66.wav,brake_volkswagen_jetta_2017.0,train
67,brake67,brake_squeal,Mercedes-Benz,EQS,2024.0,Electric,Sedan,Low,Occurs during light braking.,53.93,Persistent low-speed squealing with additional brake squeak on a 2024 Mercedes EQS despite recent brake replacement.,brake,C:\Users\hp\Desktop\car_test\brake\brake67.wav,brake_mercedes-benz_eqs_2024.0,train
68,brake68,brake_squeal,GMC,Sierra 1500,2019.0,Gas,Pickup Truck,Medium,"Occurs when braking, in reverse.",17.58,Rotational squeaking noise from rear driver-side wheel with additional metal-on-metal sound when braking in reverse on a 2019 GMC Sierra 1500.,brake,C:\Users\hp\Desktop\car_test\brake\brake68.wav,brake_gmc_sierra 1500_2019.0,train
69,brake69,brake_squeal,Mitsubishi,,,Gas,Unknown,Low,"Occurs disappears when the brake pedal is applied, when braking, while driving.",49.02,Intermittent squeaking noise during driving that reduces or disappears when braking after recent brake system replacement.,brake,C:\Users\hp\Desktop\car_test\brake\brake69.wav,__unique_brake_370,val
70,brake70,brake_squeal,RAM,,,Gas,Unknown,High,Condition not specified in the report.,8.3,"Front-left wheel overheating with brake smell, progressive squeal, vibration, and clunking indicating brake drag condition.",brake,C:\Users\hp\Desktop\car_test\brake\brake70.wav,__unique_brake_371,test
71,brake71,brake_squeal,Ford,Explorer,2021.0,Gas,Unknown,Low,Occurs at low speed.,9.83,Rhythmic squeaking at low speeds under 30 mph even without braking after recent brake component replacement.,brake,C:\Users\hp\Desktop\car_test\brake\brake71.wav,brake_ford_explorer_2021.0,train
72,brake72,brake_squeal,Honda,Civic,2007.0,Gas,Unknown,Low,Condition not specified in the report.,9.58,"High-pitched brake tone after recent front brake service, mainly at low-speed braking.",brake,C:\Users\hp\Desktop\car_test\brake\brake72.wav,brake_honda_civic_2007.0,train
73,brake73,brake_squeal,Honda,Civic,2007.0,Gas,Unknown,Low,Occurs when pressing the brake pedal.,12.71,"Squeaking noise from inside cabin when pressing brake pedal, not originating from wheel area.",brake,C:\Users\hp\Desktop\car_test\brake\brake73.wav,brake_honda_civic_2007.0,train
74,brake74,brake_squeal,Unknown,,,Unknown,Unknown,Low,"Occurs disappears when the brake pedal is applied, when braking.",13.8,Intermittent wheel-area squeaking that disappears when brakes are applied after recent brake service.,brake,C:\Users\hp\Desktop\car_test\brake\brake74.wav,__unique_brake_375,val
75,brake75,brake_squeal,Dodge,Nitro,,Gas,Unknown,Low,Condition not specified in the report.,16.45,"Intermittent squeaking/scraping from front wheel area after driving, present with or without braking on a 2001 Durango.",brake,C:\Users\hp\Desktop\car_test\brake\brake75.wav,__unique_brake_376,train
76,brake76,brake_squeal,Ford,Explorer,2021.0,Gas,Unknown,Low,Occurs during braking.,38.81,Initial phase squeaking during braking that disappears as braking continues on a drum brake system.,brake,C:\Users\hp\Desktop\car_test\brake\brake76.wav,brake_ford_explorer_2021.0,train
77,brake77,brake_squeal,Toyota,RAV4,2007.0,Gas,Unknown,Low,Occurs during braking.,9.69,High-pitched squeak at very low speeds during braking after installing OEM pads and rotors.,brake,C:\Users\hp\Desktop\car_test\brake\brake77.wav,brake_toyota_rav4_2007.0,train
78,brake78,brake_squeal,Volkswagen,Jetta,2017.0,Gas,Unknown,Low,"Occurs when braking, at low speed.",12.29,"Intermittent wheel-speed squeak at low speeds after brake replacement, disappearing immediately when braking is applied.",brake,C:\Users\hp\Desktop\car_test\brake\brake78.wav,brake_volkswagen_jetta_2017.0,train
79,brake79,brake_squeal,Ford,Explorer,2021.0,Gas,Unknown,Low,Occurs while driving.,20.71,"Driver-side wheel squeaking after brake replacement, occurring while driving without braking.",brake,C:\Users\hp\Desktop\car_test\brake\brake79.wav,brake_ford_explorer_2021.0,train
80,brake80,brake_squeak,Honda,Civic,2007.0,Gas,Unknown,Low,Occurs while driving.,7.51,Squeaking noise during driving and initial braking when moving forward on a 2023 Civic Si.,brake,C:\Users\hp\Desktop\car_test\brake\brake80.wav,brake_honda_civic_2007.0,train
81,brake81,brake_squeal,Honda,Civic,2007.0,Gas,Unknown,Medium,"Occurs while braking, in cold conditions.",46.34,"Brake squeaking started in cold conditions and now occurs even when not braking, while braking performance remains strong with no vibration.",brake,C:\Users\hp\Desktop\car_test\brake\brake81.wav,brake_honda_civic_2007.0,train
82,brake82,brake_squeal,Unknown,,,Unknown,Unknown,Low,Occurs during braking.,22.34,Clunking noise during brake application caused by brake pad movement within caliper due to poor fit or hardware tolerance.,brake,C:\Users\hp\Desktop\car_test\brake\brake82.wav,__unique_brake_383,val
83,brake83,brake_squeal,Mazda,3,2015.0,Gas,Unknown,Medium,Condition not specified in the report.,17.05,Severe screeching noise after brake service at very low speed with visible rotor hotspot.,brake,C:\Users\hp\Desktop\car_test\brake\brake83.wav,brake_mazda_3_2015.0,train
84,brake84,brake_squeal,Honda,Civic,2007.0,Gas,Unknown,Low,Condition not specified in the report.,11.07,Intermittent metallic scraping noise from rear brakes appearing only after prolonged driving in warm conditions following brake replacement.,brake,C:\Users\hp\Desktop\car_test\brake\brake84.wav,brake_honda_civic_2007.0,train
85,brake85,brake_squeal,Infiniti,,,Gas,Unknown,Medium,Condition not specified in the report.,12.46,Intermittent screeching noise from front wheels during rotation that comes and goes after short driving periods following brake service.,brake,C:\Users\hp\Desktop\car_test\brake\brake85.wav,__unique_brake_386,train
86,brake86,brake_squeal,Jeep,Land,2022.0,Gas,Unknown,Medium,Condition not specified in the report.,12.71,Front-left wheel noise with severe braking vibration and surging feeling that persists after front brake replacement.,brake,C:\Users\hp\Desktop\car_test\brake\brake86.wav,brake_jeep_land_2022.0,train
87,brake87,brake_squeal,Volkswagen,Jetta,2017.0,Gas,Unknown,Medium,Occurs at low speed.,8.26,Grinding noise and uneven braking feel at low speeds during deceleration that persists after full brake and rotor replacement.,brake,C:\Users\hp\Desktop\car_test\brake\brake87.wav,brake_volkswagen_jetta_2017.0,train
88,brake88,brake_squeal,Toyota,RAV4,2007.0,Gas,Unknown,Medium,"Occurs during braking, at low speed.",25.09,Grinding noise during braking at low speeds after recent brake and rotor replacement.,brake,C:\Users\hp\Desktop\car_test\brake\brake88.wav,brake_toyota_rav4_2007.0,train
89,brake89,brake_squeal,Unknown,,,Unknown,Unknown,High,Condition not specified in the report.,10.5,Brake grinding noise accompanied by a soft/spongy brake pedal indicating loss of hydraulic pressure.,brake,C:\Users\hp\Desktop\car_test\brake\brake89.wav,__unique_brake_390,test
90,brake90,brake_squeal,Toyota,RAV4,2007.0,Gas,Unknown,Low,"Occurs during braking, in reverse.",7.09,Pulsating or pumping noise during braking only in reverse after front brake pad replacement.,brake,C:\Users\hp\Desktop\car_test\brake\brake90.wav,brake_toyota_rav4_2007.0,train
91,brake91,brake_squeal,Subaru,Forester,2017.0,Gas,Unknown,Medium,Occurs during light braking.,25.27,"Low-speed squealing/grinding that continues even when braking, indicating a rotating wheel-area component rather than normal brake operation.",brake,C:\Users\hp\Desktop\car_test\brake\brake91.wav,brake_subaru_forester_2017.0,train
92,brake92,brake_squeal,Subaru,Forester,2017.0,Gas,Unknown,Medium,"Occurs during light braking, at low speed.",22.07,Squealing/grinding noise from the wheel area at low speeds that persists with or without braking.,brake,C:\Users\hp\Desktop\car_test\brake\brake92.wav,brake_subaru_forester_2017.0,train
93,brake93,brake_squeal,Nissan,Versa,2010.0,Gas,Unknown,Medium,Occurs while braking.,19.18,"Squealing noise during low-speed turns and after brake release, not while braking.",brake,C:\Users\hp\Desktop\car_test\brake\brake93.wav,brake_nissan_versa_2010.0,train
94,brake94,brake_squeal,Honda,Civic,2007.0,Gas,Unknown,Medium,"Occurs during braking, while driving downhill.",9.41,"Front-left screeching and groaning noise during braking, especially under load or downhill conditions.",brake,C:\Users\hp\Desktop\car_test\brake\brake94.wav,brake_honda_civic_2007.0,train
95,brake95,brake_squeal,Unknown,,,Unknown,Unknown,Low,Condition not specified in the report.,34.39,Intermittent squeaking noise likely caused by a small rock or debris trapped between brake rotor and dust shield.,brake,C:\Users\hp\Desktop\car_test\brake\brake95.wav,__unique_brake_396,test
96,brake96,brake_squeal,Mazda,3,2015.0,Gas,Unknown,High,"Occurs during braking, while driving.",17.47,"Grinding noise during braking after a sudden pop sound while driving over rough road, with intermittent metal scraping during steering.",brake,C:\Users\hp\Desktop\car_test\brake\brake96.wav,brake_mazda_3_2015.0,train
97,brake97,brake_squeal,Subaru,Forester,2017.0,Gas,Unknown,Low,Condition not specified in the report.,10.39,"Squeaking noise from one front wheel after new pads and rotors installation, occurring without braking.",brake,C:\Users\hp\Desktop\car_test\brake\brake97.wav,brake_subaru_forester_2017.0,train
98,brake98,brake_squeal,Unknown,,,Unknown,Unknown,Medium,Condition not specified in the report.,6.06,"Grinding and slight squeaking during final braking phase after brake pad and rotor replacement, felt through brake pedal on one side.",brake,C:\Users\hp\Desktop\car_test\brake\brake98.wav,__unique_brake_399,train
99,brake99,brake_squeal,Unknown,,,Unknown,Unknown,Low,Condition not specified in the report.,10.22,Grinding/sliding noise when slowly releasing brakes at very low speed after recent brake replacement.,brake,C:\Users\hp\Desktop\car_test\brake\brake99.wav,__unique_brake_400,val
100,brake100,brake_squeal,Kia,Sorento,2005.0,Gas,Sedan,Low,"Occurs stops when the brake pedal is applied, when releasing the brake pedal.",21.67,Intermittent high-pitched squealing at very low speeds that stops when braking and resumes when releasing brake.,brake,C:\Users\hp\Desktop\car_test\brake\brake100.wav,brake_kia_sorento_2005.0,train
101,brake101,brake_squeal,Toyota,RAV4,2007.0,Gas,Unknown,Medium,"Occurs during cold starts, after recent brake service.",9.39,"Loud brake squeal appearing weeks after pad replacement, worse on cold start and reverse, disappears after several brake applications.",brake,C:\Users\hp\Desktop\car_test\brake\brake101.wav,brake_toyota_rav4_2007.0,train
102,brake102,Brake Squeal,Dodge,Nitro,,Gas,Unknown,Low,"Occurs when braking, at low speed, after recent brake service.",10.47,Grinding noise after brake pad replacement appearing at low speed and disappearing when brakes are applied.,brake,C:\Users\hp\Desktop\car_test\brake\brake102.wav,__unique_brake_403,train
103,brake103,Brake Squeal,Toyota,RAV4,2007.0,Gas,Unknown,Medium,Occurs during braking.,8.26,"Intermittent metallic rapid spring-like noise during braking with pedal feedback, no fault codes present.",brake,C:\Users\hp\Desktop\car_test\brake\brake103.wav,brake_toyota_rav4_2007.0,train
104,brake104,Brake Squeal,Land Rover,,,Gas,Unknown,Medium,Occurs at low speed.,28.18,"Grinding noise at low speeds and during hot braking after full brake replacement, partially reduced after drivetrain repair but still present.",brake,C:\Users\hp\Desktop\car_test\brake\brake104.wav,__unique_brake_405,val
105,brake105,Brake Squeal,Unknown,,,Unknown,Unknown,Medium,"Occurs during cold starts, after recent brake service.",21.99,"Low-pitch brake noise after pad replacement, worse at cold start and in wet conditions, improving but not fully disappearing.",brake,C:\Users\hp\Desktop\car_test\brake\brake105.wav,__unique_brake_406,train
106,brake106,Brake Squeal,Toyota,RAV4,2007.0,Gas,Unknown,Low,Condition not specified in the report.,9.59,Grinding noise from rear brakes about a week after rotor and pad replacement.,brake,C:\Users\hp\Desktop\car_test\brake\brake106.wav,brake_toyota_rav4_2007.0,train
107,brake107,brake_squeal,Toyota,RAV4,2007.0,Gas,Unknown,Low,Occurs after recent brake service.,32.43,Brake squealing that started after pad replacement and gradually worsened over a month.,brake,C:\Users\hp\Desktop\car_test\brake\brake107.wav,brake_toyota_rav4_2007.0,train
108,brake108,brake_squeal,Mercedes-Benz,EQS,2024.0,Gas,Unknown,Medium,Occurs when releasing the brake pedal.,19.56,Air/hissing sound when releasing brake pedal even with engine off.,brake,C:\Users\hp\Desktop\car_test\brake\brake108.wav,brake_mercedes-benz_eqs_2024.0,train
109,brake109,brake_squeal,Nissan,Versa,2010.0,Gas,Unknown,Low,Condition not specified in the report.,6.98,High-pitched whistling noise starting around 35 mph after front brake pad and rotor replacement.,brake,C:\Users\hp\Desktop\car_test\brake\brake109.wav,brake_nissan_versa_2010.0,train
110,brake110,brake_squeal,Toyota,RAV4,2007.0,Gas,Unknown,Low,"Occurs when releasing the brake pedal, after recent brake service.",6.89,Brake squeak occurring only when releasing the brake pedal after pad replacement.,brake,C:\Users\hp\Desktop\car_test\brake\brake110.wav,brake_toyota_rav4_2007.0,train
111,brake111,brake_squeal,Mitsubishi,,,Gas,Unknown,Low,Occurs while driving straight.,11.93,Squeaking noise from rear left wheel only while driving straight after complete rear brake service.,brake,C:\Users\hp\Desktop\car_test\brake\brake111.wav,__unique_brake_412,train
112,brake112,brake_squeal,Audi,Q3,2020.0,Gas,Unknown,Low,"Occurs during braking, after recent brake service.",3.95,Intermittent squeaking during braking after brake pad replacement while keeping original rotors.,brake,C:\Users\hp\Desktop\car_test\brake\brake112.wav,brake_audi_q3_2020.0,train
113,brake113,brake_squeal,Chevrolet,Silverado,2014.0,Gas,Pickup Truck,Low,Occurs while driving.,31.45,"Squeaking noise from wheel area while driving in town, later confirmed to be caused by rear brake pads or brake hardware (clips/shims).",brake,C:\Users\hp\Desktop\car_test\brake\brake113.wav,brake_chevrolet_silverado_2014.0,val
114,brake114,brake_squeal,Unknown,,,Unknown,Unknown,Low,Condition not specified in the report.,28.18,"Squeaking noise during slow turning, most commonly caused by brake dust shield or brake pad hardware lightly contacting rotor.",brake,C:\Users\hp\Desktop\car_test\brake\brake114.wav,__unique_brake_415,train
115,brake115,brake_squeal,Scion,tC,,Gas,Coupe,Medium,Occurs while driving.,17.28,"Squeaking noise after inner and outer tie rod replacement, heard while driving even without braking, often linked to suspension or steering contact issues rather than engine or transmission.",brake,C:\Users\hp\Desktop\car_test\brake\brake115.wav,__unique_brake_416,val
116,brake116,brake_squeal,Toyota,Corolla,2007.0,Gas,Sedan,Low,Condition not specified in the report.,13.61,Squeaking noise when stopping or nearly stopped after recent brake pads and drum replacement. Most consistent with rear drum adjustment or brake hardware vibration rather than engine belt or accessories.,brake,C:\Users\hp\Desktop\car_test\brake\brake116.wav,brake_toyota_corolla_2007.0,train
117,brake117,brake_squeal,Subaru,Impreza,2017.0,Gas,Sedan/Hatchback,Low,Occurs while driving.,13.46,"Intermittent rotational squeaking noise while driving, possibly triggered after braking and repeating with wheel rotation without affecting braking performance.",brake,C:\Users\hp\Desktop\car_test\brake\brake117.wav,brake_subaru_impreza_2017.0,test
118,brake118,brake_squeal,Volkswagen,Golf,2017.0,Gas,Hatchback,Low,"Occurs disappears when the brake pedal is applied, when braking, at low speed, while turning.",30.87,Squeaking noise at low speeds that disappears when braking and may become more noticeable while turning after the brakes warm up.,brake,C:\Users\hp\Desktop\car_test\brake\brake118.wav,brake_volkswagen_golf_2017.0,train
119,brake119,brake_squeal,Chevrolet,Malibu,2014.0,Gas,Sedan,Medium,Occurs at low speed.,55.98,Metallic screeching noise occurring when applying or releasing brakes at low speeds after CV axle replacement.,brake,C:\Users\hp\Desktop\car_test\brake\brake119.wav,brake_chevrolet_malibu_2014.0,train
120,brake120,brake_squeal,Ford,Explorer,2021.0,Gas,SUV,Medium,Condition not specified in the report.,102.72,"Front wheel squealing noise that started after brake rotor and pad replacement, persists despite multiple drivetrain and hub component replacements, and increases after driving for extended periods.",brake,C:\Users\hp\Desktop\car_test\brake\brake120.wav,brake_ford_explorer_2021.0,train
121,brake121,brake_squeal,Jeep,Liberty,2022.0,Gas,SUV,Medium,Condition not specified in the report.,30.44,Front end braking/grinding sensation with ABS or traction control intervention immediately after tire rotation and alignment.,brake,C:\Users\hp\Desktop\car_test\brake\brake121.wav,brake_jeep_liberty_2022.0,test
122,brake122,brake_squeal,Unknown,,,Gas,Unknown,Low,"Occurs when braking, in wet conditions, while driving.",63.53,"Light grinding noise while driving and louder grinding when braking after vehicle was parked for a month in wet conditions, with visible rotor rust",brake,C:\Users\hp\Desktop\car_test\brake\brake122.wav,__unique_brake_423,test
123,brake123,brake_squeal,Volkswagen,Golf Mk7.5,2017.0,Gas,Hatchback,Low,Occurs while driving downhill.,28.5,"Grinding or knocking noise occurring only under heavy braking or downhill driving, with normal braking performance otherwise.",brake,C:\Users\hp\Desktop\car_test\brake\brake123.wav,brake_volkswagen_golf mk7.5_2017.0,train
124,brake124,brake_squeal,Ford,F-250 XLT,2021.0,Diesel,Pickup Truck,Medium,Occurs during light braking.,12.69,"Brake squeal starts after several miles of driving and only occurs during light braking, persists after replacement of pads, rotors, and parking brake components.",brake,C:\Users\hp\Desktop\car_test\brake\brake124.wav,brake_ford_f-250 xlt_2021.0,train
125,brake125,brake_clicking_noise,Honda,CR-V  AWD,2007.0,Gas,SUV,Medium,"Occurs during light braking, while turning.",10.47,"Rotational squealing noise occurring only during braking, especially when turning right and during light brake application.",brake,C:\Users\hp\Desktop\car_test\brake\brake125.wav,brake_honda_cr-v  awd_2007.0,val
126,brake126,brake_squeal,Honda,Civic,2019.0,Gas,Sedan,Medium,Occurs after the brakes warm up.,6.21,"Front right wheel squealing noise during rolling that disappears when warm and returns when cool, persisting after brake replacement.",brake,C:\Users\hp\Desktop\car_test\brake\brake126.wav,brake_honda_civic_2019.0,train
127,brake127,brake_squeal,Toyota,Venza,2014.0,Gas,SUV,Medium,Condition not specified in the report.,32.26,"Loud metallic scraping noise occurring only during tight right turns, with normal driving otherwise smooth.",brake,C:\Users\hp\Desktop\car_test\brake\brake127.wav,brake_toyota_venza_2014.0,val
128,brake128,brake_squeal,Unknown,,,Gas,Unknown,Low,Occurs during light braking.,28.93,High-pitched squeaking noise occurring during braking after replacement of front rotors and pads. Noise is noticeable under light braking and has worsened over time.,brake,C:\Users\hp\Desktop\car_test\brake\brake128.wav,__unique_brake_429,test
129,brake129,brake_squeal,Acura,TLX A-Spec,2024.0,Gas,Sedan,Low,"Occurs when pressing the brake pedal, after recent brake service.",7.32,Metallic squealing noise when pressing brakes shortly after pad replacement on a used 2024 Acura TLX.,brake,C:\Users\hp\Desktop\car_test\brake\brake129.wav,brake_acura_tlx a-spec_2024.0,train
130,brake130,brake_squeal,Mercedes-Benz,EQS,2024.0,Electric,Sedan,Low,Occurs at low speed.,53.93,Loud squealing at low speeds with additional brake squeak when the brakes are applied on a 2024 Mercedes EQS.,brake,C:\Users\hp\Desktop\car_test\brake\brake130.wav,brake_mercedes-benz_eqs_2024.0,train
131,brake131,brake_grinding,Unknown,,,Unknown,Unknown,Low,Occurs when releasing the brake pedal.,8.58,"Squealing noise when releasing the brakes and beginning to accelerate, disappearing as vehicle speed increases.",brake,C:\Users\hp\Desktop\car_test\brake\brake131.wav,__unique_brake_432,test
132,brake132,brake_squeal,Unknown,,,Unknown,Unknown,Medium,"Occurs during braking, after recent suspension work, while driving straight.",8.58,"Metallic squealing/scraping noise after suspension repair, occurring during braking and initial acceleration while driving straight.",brake,C:\Users\hp\Desktop\car_test\brake\brake132.wav,__unique_brake_433,val
133,brake133,brake_squeal,Toyota,Estima,2005.0,Gas,Minivan,Medium,Occurs while driving.,7.85,"Intermittent metallic squealing/grinding noise from rear right wheel while driving, coming and going.",brake,C:\Users\hp\Desktop\car_test\brake\brake133.wav,brake_toyota_estima_2005.0,train
134,brake134,brake_squeal,BMW,X5,2017.0,Gas,SUV,Low,Condition not specified in the report.,4.12,"Screeching sound coming from brakes after front pad replacement, while rear pads were not changed.",brake,C:\Users\hp\Desktop\car_test\brake\brake134.wav,brake_bmw_x5_2017.0,train
135,brake135,brake_squeal,Unknown,,,Unknown,Unknown,Low,"Occurs disappears when the brake pedal is applied, when braking.",24.7,"Rear right brake squealing noise after driving when brakes are warm, which disappears when braking is applied.",brake,C:\Users\hp\Desktop\car_test\brake\brake135.wav,__unique_brake_436,test
136,brake136,brake_squeal,Unknown,,,Gas,Unknown,Medium,Occurs while driving.,20.59,"Squealing or screeching noise while driving, consistent with brake-related friction.",brake,C:\Users\hp\Desktop\car_test\brake\brake136.wav,__unique_brake_437,train
137,brake137,brake_squeal,Hyundai,Elantra,2010.0,Gas,Sedan,Low,Occurs during light braking.,59.99,"Squealing noise mainly during or immediately after turning, improving after driving and easing when braking.",brake,C:\Users\hp\Desktop\car_test\brake\brake137.wav,brake_hyundai_elantra_2010.0,train
138,brake138,brake_squeal,Honda,S2000,2002.0,Gas,Roadster,Medium,Occurs while coasting.,35.22,"Rear left wheel squealing starts after 10–20 minutes of driving, loudest while coasting, unaffected by braking.",brake,C:\Users\hp\Desktop\car_test\brake\brake138.wav,brake_honda_s2000_2002.0,val
139,brake139,brake_squeal,Honda,Civic,2013.0,Gas,Sedan,Medium,"Occurs during braking, above 40 mph, while driving.",25.54,Vehicle shakes during braking above 40 mph with intermittent screeching/grinding noise while driving.,brake,C:\Users\hp\Desktop\car_test\brake\brake139.wav,brake_honda_civic_2013.0,train
140,brake140,brake_squeal,Honda,Civic,2013.0,Gas,Sedan,Medium,"Occurs during light braking, above 40 mph, while driving.",7.77,Vehicle shakes during braking above 40 mph with intermittent screeching/grinding noise while driving.,brake,C:\Users\hp\Desktop\car_test\brake\brake140.wav,brake_honda_civic_2013.0,train
141,brake141,brake_squeal,Alfa Romeo,MiTo,,Gas,Hatchback,Low,Occurs when braking.,48.55,"High-pitched squeal from the front wheel after reaching speed, disappearing when braking or turning.",brake,C:\Users\hp\Desktop\car_test\brake\brake141.wav,__unique_brake_442,train
142,barake142,brake_squeal,Mazda,3,2018.0,Gas,Sedan/Hatchback,Low,"Occurs during light braking, below 20 mph.",17.07,"Squeaking sound from rear driver side when lightly braking below 20 mph, intermittent and reproducible under light brake pressure only.",brake,C:\Users\hp\Desktop\car_test\brake\brake142.wav,brake_mazda_3_2018.0,train
143,brake143,brake_squeal,Unknown,,,Unknown,Unknown,Medium,Occurs while driving.,23.74,Grinding/screeching noise appearing shortly after brake service while driving slowly.,brake,C:\Users\hp\Desktop\car_test\brake\brake143.wav,__unique_brake_444,train
144,brake144,brake_squeal,Acura,ILX,2016.0,Gas,Sedan,Medium,Occurs while driving.,11.43,Sudden squealing and grinding noise appearing during driving after months since last brake service.,brake,C:\Users\hp\Desktop\car_test\brake\brake144.wav,brake_acura_ilx_2016.0,train
145,brake145,brake_squeal,Mazda,3 IGT,2015.0,Gas,Sedan/Hatchback,Medium,Occurs during hard braking.,15.42,"Rhythmic scraping noise that increases and decreases with wheel speed, with additional squeal during hard braking.",brake,C:\Users\hp\Desktop\car_test\brake\brake145.wav,brake_mazda_3 igt_2015.0,test
146,brake146,brake_squeal,Unknown,,,Unknown,Unknown,Low,Occurs during braking.,13.4,"Loud squealing during braking after installation of slotted/drilled rotors with carbon ceramic pads, appearing after short break-in period.",brake,C:\Users\hp\Desktop\car_test\brake\brake146.wav,__unique_brake_447,val
147,brake147,brake_squeal,Toyota,Camry XLE,2026.0,Gas,Sedan,Low,Occurs at low speed.,10.58,"High-pitched squeaking noise at low speeds during acceleration in a nearly new vehicle, disappearing above 10–15 mph.",brake,C:\Users\hp\Desktop\car_test\brake\brake147.wav,brake_toyota_camry xle_2026.0,train
148,brake148,brake_squeal,Honda,Odyssey Elite,2025.0,Gas,Minivan,Low,"Occurs at low speed, in reverse.",14.34,"Squealing noise from driver side only during right turns at low speed, minimal noise in reverse or left turns.",brake,C:\Users\hp\Desktop\car_test\brake\brake148.wav,brake_honda_odyssey elite_2025.0,train
149,brake149,brake_squeal,Honda,Odyssey Elite,2025.0,Gas,Minivan,Low,Occurs in reverse.,14.34,"Squealing noise from driver side only during forward right turns, minimal in reverse or left turns, vehicle with low mileage.",brake,C:\Users\hp\Desktop\car_test\brake\brake149.wav,brake_honda_odyssey elite_2025.0,train
150,brake150,brake_squeal,Unknown,,,Unknown,Unknown,Medium,Occurs during braking.,53.46,"Loud intermittent screeching and metallic scraping noise during braking from high speeds, returning after cleaning service.",brake,C:\Users\hp\Desktop\car_test\brake\brake150.wav,__unique_brake_451,train
151,brake151,brake_squeal,Unknown,,,Unknown,Unknown,High,Condition not specified in the report.,53.46,"Loud grinding and squealing noise immediately after new brake and rotor installation, occurring on every drive.",brake,C:\Users\hp\Desktop\car_test\brake\brake151.wav,__unique_brake_452,val
152,brake152,brake_squeal,Toyota,Camry,2012.0,Gas,Sedan,Low,Occurs at low speed.,55.83,"Persistent squeaking from driver side wheel after brake replacement, occurs at low speeds and during left turns, sometimes without braking.",brake,C:\Users\hp\Desktop\car_test\brake\brake152.wav,brake_toyota_camry_2012.0,test
153,brake153,brake_squeal,Chevrolet,Equinox,2014.0,Gas,SUV,Medium,Occurs in reverse.,8.85,"Recurring front brake squeal on a 2014 Chevrolet Equinox even after multiple pad replacements, especially when reversing.",brake,C:\Users\hp\Desktop\car_test\brake\brake153.wav,brake_chevrolet_equinox_2014.0,train
154,brake154,brake_squeal,Unknown,,,Unknown,Unknown,Low,Occurs during cold starts.,25.41,"Brief squealing noise when the vehicle starts moving from a cold start, then disappears after a few seconds without braking.",brake,C:\Users\hp\Desktop\car_test\brake\brake154.wav,__unique_brake_455,test
155,brake155,brake_squeal,Volkswagen,Jetta,2017.0,Gas,Unknown,Medium,"Occurs at low speed, while turning.",41.01,"Intermittent loud squeal from a VW T5 Transporter, more noticeable at low speeds and when turning, especially left, occurring after driving for some time.",brake,C:\Users\hp\Desktop\car_test\brake\brake155.wav,brake_volkswagen_jetta_2017.0,train
156,brake156,brake_squeal,BMW,330i,2019.0,Gas,Sedan,Low,"Occurs when braking, while driving.",39.77,"Intermittent high-pitched squealing noise while driving that disappears when lightly applying the brake on a 2019 BMW 330i, occurring after long driving periods.",brake,C:\Users\hp\Desktop\car_test\brake\brake156.wav,brake_bmw_330i_2019.0,train
157,brake157,brake_squeal,Unknown,,,Unknown,Unknown,Low,Occurs while driving.,9.64,Loud squealing noise while driving consistent with worn brake pads.,brake,C:\Users\hp\Desktop\car_test\brake\brake157.wav,__unique_brake_458,test
158,brake158,brake_squeal,Unknown,,,Unknown,Unknown,Low,Condition not specified in the report.,16.98,"Sharp squealing noise from the front left brake when stopping at very low speeds, persisting for weeks after recent brake pad replacement.",brake,C:\Users\hp\Desktop\car_test\brake\brake158.wav,__unique_brake_459,train
159,brake159,brake_squeal,Hyundai,Elantra Sport,2018.0,Gas,Sedan,Low,Occurs while driving.,18.6,"Intermittent squealing noise while driving a 2018 Hyundai Elantra Sport, suspected to be related to brake wear indicators.",brake,C:\Users\hp\Desktop\car_test\brake\brake159.wav,brake_hyundai_elantra sport_2018.0,val
160,brake160,brake_squeal,Chevrolet,Malibu,2014.0,Gas,Unknown,Medium,Occurs during braking.,39.34,Squealing noise during braking and also during sharp left turns after recent brake pad replacement.,brake,C:\Users\hp\Desktop\car_test\brake\brake160.wav,brake_chevrolet_malibu_2014.0,train
161,brake161,brake_squeal,Chevrolet,Malibu,2014.0,Gas,Unknown,Medium,"Occurs at low speed, while turning.",53.89,"Squeaking noise when turning left, recurring after brake and rotor replacement, sometimes related to brake hardware or braking at low speeds.",brake,C:\Users\hp\Desktop\car_test\brake\brake161.wav,brake_chevrolet_malibu_2014.0,train
162,brake162,brake_squeal,Toyota,RAV4,2007.0,Gas,SUV,Low,Occurs while driving.,119.19,High-pitched squealing noise while driving under 40 mph that stops when lightly applying the brake on a 2007 Toyota RAV4.,brake,C:\Users\hp\Desktop\car_test\brake\brake162.wav,brake_toyota_rav4_2007.0,train
163,brake163,brake_squeal,Jeep,Renegade,2020.0,Gas,Unknown,Low,Condition not specified in the report.,9.15,Intermittent squealing noise when the steering wheel straightens after turning in a 2020 Jeep Renegade.,brake,C:\Users\hp\Desktop\car_test\brake\brake163.wav,brake_jeep_renegade_2020.0,train
164,brake164,brake_squeal,Honda,Civic,2007.0,Gas,Unknown,Low,"Occurs during light braking, while driving.",14.42,"High-pitched squealing noise while driving a Honda CR-V, consistent with brake-related sound.",brake,C:\Users\hp\Desktop\car_test\brake\brake164.wav,brake_honda_civic_2007.0,train
165,brake165,brake_squeal,Toyota,RAV4,2007.0,Gas,SUV,Low,Occurs while driving.,119.19,High-pitched squealing noise while driving under 40 mph that stops or reduces when lightly applying the brake on a 2007 Toyota RAV4.,brake,C:\Users\hp\Desktop\car_test\brake\brake165.wav,brake_toyota_rav4_2007.0,train
166,brake166,brake_squeal,Renault,Clio III,2009.0,Gas,Unknown,Medium,Occurs while driving.,11.29,"Squeaking noise while driving slowly on a Renault Clio 4, with reports of rapid brake pad wear and heavy brake dust buildup.",brake,C:\Users\hp\Desktop\car_test\brake\brake166.wav,brake_renault_clio iii_2009.0,train
167,brake167,brake_squeal,Chevrolet,Malibu,2014.0,Gas,Sedan,Medium,Condition not specified in the report.,14.7,"Squealing noise from the rear left wheel during reverse and turning left, with additional clunking sound from the same area.",brake,C:\Users\hp\Desktop\car_test\brake\brake167.wav,brake_chevrolet_malibu_2014.0,train
168,brake168,brake_squeal,Infiniti,,,Gas,Unknown,High,Occurs at low speed.,79.91,"Squealing noise at low speeds after brake pad and rotor replacement, with one wheel/rotor overheating significantly compared to others.",brake,C:\Users\hp\Desktop\car_test\brake\brake168.wav,__unique_brake_469,train
169,brake169,brake_squeal,Toyota,Auris,2013.0,Gas,Hatchback,Low,"Occurs stops when the brake pedal is applied, when braking.",79.91,Fast repeating squeaking noise at highway speed that disappears when the brake pedal is lightly applied on a 2013 Toyota Auris.,brake,C:\Users\hp\Desktop\car_test\brake\brake169.wav,brake_toyota_auris_2013.0,train
170,brake170,brake_squeal,Toyota,Yaris,2019.0,Gas,Hatchback,Low,Occurs after recent brake service.,6.93,"Persistent brake squeaking noise on a 2019 Toyota Yaris, worse in wet or humid conditions, continuing even after brake pad replacement.",brake,C:\Users\hp\Desktop\car_test\brake\brake170.wav,brake_toyota_yaris_2019.0,train
171,brake171,brake_squeal,Unknown,,,Unknown,Unknown,Low,Condition not specified in the report.,3.24,Low-speed brake squeaking noise persisting even after installing brand new Bosch rotors and Akebono ceramic brake pads.,brake,C:\Users\hp\Desktop\car_test\brake\brake171.wav,__unique_brake_472,train
172,brake172,brake_squeal,Kia,Sorento,2005.0,Gas,Sedan,Low,Occurs during light braking.,12.48,"Low-speed squeaking during light braking after replacing front pads and rotors on a Kia, persisting for several weeks.",brake,C:\Users\hp\Desktop\car_test\brake\brake172.wav,brake_kia_sorento_2005.0,train
173,brake173,brake_squeal,Volkswagen,Jetta,2017.0,Gas,Sedan,Low,"Occurs disappears when the brake pedal is applied, when braking, at low speed (10–20 mph).",11.71,Squeaking noise at low speeds (10–20 mph) from the front right wheel that disappears when braking on a 2017 VW Jetta.,brake,C:\Users\hp\Desktop\car_test\brake\brake173.wav,brake_volkswagen_jetta_2017.0,train
174,brake174,brake_squeal,BMW,330i,2019.0,Diesel,Unknown,Medium,Condition not specified in the report.,24.15,Squeaking noise from the right front wheel of a BMW 118d F20 that temporarily improved after replacing rotors and brake pads but returned shortly after.,brake,C:\Users\hp\Desktop\car_test\brake\brake174.wav,brake_bmw_330i_2019.0,train
175,brake175,brake_squeal,Nissan,Kicks,2020.0,Gas,SUV,Medium,Condition not specified in the report.,45.8,"Grinding/squeaking noise from front brakes after pad and rotor replacement on a 2020 Nissan Kicks, persisting even after rework.",brake,C:\Users\hp\Desktop\car_test\brake\brake175.wav,brake_nissan_kicks_2020.0,val
176,brake176,brake_squeal,GMC,Yukon XL,2023.0,Gas,SUV,Low,"Occurs during light braking, at low speed, in reverse.",60.95,Squeaking noise at low speeds and a loud squeal while reversing on a 2023 GMC Yukon XL.,brake,C:\Users\hp\Desktop\car_test\brake\brake176.wav,brake_gmc_yukon xl_2023.0,val
177,brake177,brake_squeal,Subaru,Forester,2017.0,Gas,SUV,Medium,Occurs while driving.,34.75,"Loud metallic squeaking/grinding noise while driving, worsening with speed on a 2017 Subaru Forester.",brake,C:\Users\hp\Desktop\car_test\brake\brake177.wav,brake_subaru_forester_2017.0,train
178,brake178,brake_squeal,Unknown,,,Unknown,Unknown,Medium,Condition not specified in the report.,27.43,Persistent squeaking noise at very low speeds and when coasting after multiple brake pad replacements on both rear and front brakes.,brake,C:\Users\hp\Desktop\car_test\brake\brake178.wav,__unique_brake_479,test
179,brake179,brake_squeal,Hyundai,Santa Fe,2012.0,Gas,SUV,Medium,Condition not specified in the report.,12.52,"Intermittent squeaking noise from the front right wheel that increases with speed on a 2012 Hyundai Santa Fe, occurring some of the time and not continuously.",brake,C:\Users\hp\Desktop\car_test\brake\brake179.wav,brake_hyundai_santa fe_2012.0,test
180,brake180,brake_squeal,Unknown,,,Unknown,Unknown,Low,Condition not specified in the report.,13.8,"Intermittent scratching/squeaking noise from the right wheel that disappears when the brake pedal is pressed, even after recent brake disc and pad replacement.",brake,C:\Users\hp\Desktop\car_test\brake\brake180.wav,__unique_brake_481,val
181,brake181,brake_squeak,Audi,Q3,2020.0,Gas,Unknown,Low,Occurs during braking.,3.95,Squeaking noise during braking on a 2020 Audi Q3 shortly after brake replacement.,brake,C:\Users\hp\Desktop\car_test\brake\brake181.wav,brake_audi_q3_2020.0,train
182,brake182,brake_squeal,Mercedes-Benz,EQS,2024.0,Gas,Unknown,Medium,Condition not specified in the report.,6.72,"Severe squealing noise after installing new Brembo brake pads and rotors on a Mercedes-AMG GT 53, despite proper bedding procedure.",brake,C:\Users\hp\Desktop\car_test\brake\brake182.wav,brake_mercedes-benz_eqs_2024.0,train
183,brake183,brake_squeal,Unknown,,,Gas,Unknown,Medium,"Occurs stops when the brake pedal is applied, when braking, while driving.",17.32,"Intermittent squeaking noise while driving that stops when braking, but brakes also squeak during braking.",brake,C:\Users\hp\Desktop\car_test\brake\brake183.wav,__unique_brake_484,val
184,brake184,brake_squeal,Honda,Civic,2007.0,Gas,Unknown,High,"Occurs after recent brake service, while driving.",15.15,"Intermittent squeaking noise from the right rear wheel that may come and go while driving, sometimes accompanied by a hot brake smell. Noise is inconsistent, may not change significantly under braking, and occurs after brake pad replacement.",brake,C:\Users\hp\Desktop\car_test\brake\brake184.wav,brake_honda_civic_2007.0,train
185,brake185,brake_squeal,Unknown,,,Gas,Unknown,Medium,"Occurs at low speed, after the vehicle has been parked/sitting.",20.16,"Squeaking at low speed after parking that disappears at higher speed, started after rear pads/rotors replacement.",brake,C:\Users\hp\Desktop\car_test\brake\brake185.wav,__unique_brake_486,train
186,brake186,brake_squeal,Unknown,,,Gas,Unknown,Low,"Occurs at low speed, over bumps.",18.9,"Intermittent rear driver-side squeak over bumps at low speeds, not reproducible when stationary.",brake,C:\Users\hp\Desktop\car_test\brake\brake186.wav,__unique_brake_487,val
187,brake187,brake_squeal,Ford,Explorer,2021.0,Gas,Unknown,Medium,Condition not specified in the report.,14.7,"Low-speed squeaking that sounds like 'seagulls', appears after suspension rebuild and disappears at higher speeds and idle.",brake,C:\Users\hp\Desktop\car_test\brake\brake187.wav,brake_ford_explorer_2021.0,train
188,brake188,brake_squeal,Unknown,,,Gas,Unknown,Medium,"Occurs while braking, while driving.",7.91,"Squeaking while braking or sometimes while driving slowly, often changes with brake pressure.",brake,C:\Users\hp\Desktop\car_test\brake\brake188.wav,__unique_brake_489,train
189,brake189,brake_squeal,Toyota,RAV4,2016.0,Gas,SUV,High,Occurs while driving.,11.86,Constant squeaking while driving with rattling from the front passenger wheel when applying or releasing the brakes.,brake,C:\Users\hp\Desktop\car_test\brake\brake189.wav,brake_toyota_rav4_2016.0,train
190,brake190,brake_squeal,Unknown,,,Gas,Unknown,Medium,Condition not specified in the report.,12.03,Intermittent squeaking from the front right during low-speed braking and takeoff after replacing brake pads.,brake,C:\Users\hp\Desktop\car_test\brake\brake190.wav,__unique_brake_491,test
191,brake191,brake_squeal,Unknown,,,Gas,Unknown,Medium,"Occurs during braking, while driving.",7.51,"Squeaking while driving and during braking, only when moving forward.",brake,C:\Users\hp\Desktop\car_test\brake\brake191.wav,__unique_brake_492,train
192,brake192,brake_squeal,Toyota,Sienna,2004.0,Gas,Minivan,Medium,"Occurs when braking, at low speed.",26.26,High-pitched squeaking when braking at low speeds after installing new brake pads and rotors.,brake,C:\Users\hp\Desktop\car_test\brake\brake192.wav,brake_toyota_sienna_2004.0,val
193,brake193,brake_squeal,Unknown,,,Gas,Unknown,Medium,"Occurs during light braking, while coasting.",19.61,"Squeaking noise present during light braking and while coasting, but disappears during hard braking or when brakes are fully released.",brake,C:\Users\hp\Desktop\car_test\brake\brake193.wav,__unique_brake_494,train
194,brake194,brake_squeal,Mercedes-Benz,EQS,2024.0,Gas,Unknown,Medium,Condition not specified in the report.,11.86,"High-pitched squeak that appears only when the accelerator is pressed and disappears immediately when released, independent of braking.",brake,C:\Users\hp\Desktop\car_test\brake\brake194.wav,brake_mercedes-benz_eqs_2024.0,train
195,brake195,brake_squeal,Ford,Explorer,2021.0,Gas,Unknown,Medium,"Occurs disappears when the brake pedal is applied, when braking, while driving.",9.81,"queaking noise during driving that disappears when brake pedal is pressed, then returns after releasing brakes. Intermittent and sometimes linked with steering input.",brake,C:\Users\hp\Desktop\car_test\brake\brake195.wav,brake_ford_explorer_2021.0,train
196,brake196,brake_squeal,Toyota,Prius,2007.0,Gas,Hatchback,Low,Occurs during light braking.,6.08,"Squeaking noise occurs mainly during light braking and when coming to a stop, despite brake pads appearing relatively new.",brake,C:\Users\hp\Desktop\car_test\brake\brake196.wav,brake_toyota_prius_2007.0,train
197,brake197,brake_squeal,Mazda,3,2015.0,Gas,Unknown,Low,"Occurs during light braking, after recent brake service.",6.08,"Rear brake squeaking continues after brake pad replacement, with dealership unable to reproduce issue during inspection.",brake,C:\Users\hp\Desktop\car_test\brake\brake197.wav,brake_mazda_3_2015.0,train
198,brake198,brake_squeal,Ford,Explorer,2021.0,Gas,Unknown,Medium,"Occurs disappears when the brake pedal is applied, when braking.",45.03,"Squeaking noise persists even after brake replacement, mainly during idling and acceleration, and reduces but does not fully disappear when braking.",brake,C:\Users\hp\Desktop\car_test\brake\brake198.wav,brake_ford_explorer_2021.0,train
199,brake199,brake_squeal,Unknown,,,Unknown,Unknown,Medium,Occurs in reverse.,18.94,Squeaking noise occurs mainly when reversing with foot off brake after installing performance brake pads and rotors. Previously also occurred at low forward speeds but partially resolved.,brake,C:\Users\hp\Desktop\car_test\brake\brake199.wav,__unique_brake_500,train
200,brake200,brake_squeal,Mazda,3,2015.0,Gas,Unknown,Medium,"Occurs during braking, while driving.",17.46,Squeaking noise occurs during braking and continues while driving without brake pedal input. Vehicle was unused for long period before purchase.,brake,C:\Users\hp\Desktop\car_test\brake\brake200.wav,brake_mazda_3_2015.0,train
201,brake201,brake_squeal,Toyota,RAV4,2007.0,Gas,SUV,Low,Condition not specified in the report.,23.64,"Shopping-cart-like squeaking from front passenger brake area at very low speeds (~5 mph), returning after initial replacement of pads and rotors. No brake pedal required for noise.",brake,C:\Users\hp\Desktop\car_test\brake\brake201.wav,brake_toyota_rav4_2007.0,train
202,brake202,brake_squeal,BMW,330i,2019.0,Diesel,Unknown,Medium,Condition not specified in the report.,24.15,"Right front squeaking initially disappeared after replacing pads and rotors, then returned after a few hours, slightly weaker than before.",brake,C:\Users\hp\Desktop\car_test\brake\brake202.wav,brake_bmw_330i_2019.0,train
203,brake203,Brake Squeal,Renault,Clio III,2009.0,Gas,Unknown,Medium,"Occurs disappears when the brake pedal is applied, during light braking, while driving.",26.26,Intermittent squeaking from wheels while driving that disappears when brake pedal is pressed. Rear brakes are drums. Pads reported in good condition. Noise comes and goes over days.,brake,C:\Users\hp\Desktop\car_test\brake\brake203.wav,brake_renault_clio iii_2009.0,train
204,brake204,Brake Squeal,Dodge,Nitro,,Gas,Unknown,Medium,"Occurs stops when the brake pedal is applied, when braking, while driving.",25.15,Screeching noise while driving at low/normal speeds that often reduces or stops when braking. Occurs inconsistently during regular driving.,brake,C:\Users\hp\Desktop\car_test\brake\brake204.wav,__unique_brake_505,train
205,brake205,Brake Squeal,Subaru,Forester,2017.0,Gas,Unknown,Low,Condition not specified in the report.,20.01,Continuous squeaking noise from both front wheels immediately after installing new Brembo pads and rotors. Noise present during coasting and not significantly changed by braking.,brake,C:\Users\hp\Desktop\car_test\brake\brake205.wav,brake_subaru_forester_2017.0,train
206,brake206,Brake Squeal,Dodge,Nitro,,Gas,SUV,Medium,"Occurs disappears when the brake pedal is applied, when braking, while driving.",25.24,Horrible squeaking noise while driving that disappears when braking. Noise returned shortly after brake and rotor replacement.,brake,C:\Users\hp\Desktop\car_test\brake\brake206.wav,__unique_brake_507,train
207,brake207,Brake Squeal,Unknown,,,Gas,Unknown,Medium,Occurs when braking.,12.42,"Squealing noise appears only at speeds above ~60 km/h and disappears immediately when braking, then returns after release of brake.",brake,C:\Users\hp\Desktop\car_test\brake\brake207.wav,__unique_brake_508,test
208,brake208,brake_squeal,Toyota,RAV4,2007.0,Gas,Unknown,Medium,"Occurs during braking, while driving.",17.15,"Screeching noise began after brake pad and rotor replacement. Initially occurred while driving, later only during braking.",brake,C:\Users\hp\Desktop\car_test\brake\brake208.wav,brake_toyota_rav4_2007.0,train
209,brake209,brake_squeal,Unknown,,,Gas,Unknown,Medium,Occurs when braking.,9.47,Screeching noise from rear wheel when braking. Brake pads visually still have usable thickness and dust shield checked and appears fine.,brake,C:\Users\hp\Desktop\car_test\brake\brake209.wav,__unique_brake_510,test
210,brake210,brake_squeal,Audi,Q3,2020.0,Gas,Unknown,High,Occurs while driving.,38.14,"Severe loud screeching noise immediately after full brake service (pads, rotors, and calipers replaced). Noise occurs during driving and braking and is loud enough to be heard inside the home.",brake,C:\Users\hp\Desktop\car_test\brake\brake210.wav,brake_audi_q3_2020.0,train
211,brake211,brake_squeal,Dodge,Nitro,,Gas,Unknown,High,Condition not specified in the report.,18.65,"Squeaking, metal dragging, and popping with one front rotor hotter than the other.",brake,C:\Users\hp\Desktop\car_test\brake\brake211.wav,__unique_brake_512,train
212,brake212,brake_squeal,Toyota,RAV4,2007.0,Hybrid,Unknown,Medium,Occurs while driving.,17.09,"High-pitched rotational squeal from the front right wheel while driving, unrelated to brake pedal use.",brake,C:\Users\hp\Desktop\car_test\brake\brake212.wav,brake_toyota_rav4_2007.0,train
213,brake213,brake_squeal,Ford,Explorer,2021.0,Diesel,Unknown,Low,Occurs during light braking.,12.69,"Brake squealing starts after a few miles of driving, mainly during light braking. Issue persists even after replacement of pads, rotors, and parking brake components.",brake,C:\Users\hp\Desktop\car_test\brake\brake213.wav,brake_ford_explorer_2021.0,train
214,brake214,brake_squeal,Jeep,Land,2022.0,Gas,Unknown,Medium,Condition not specified in the report.,6.08,"Rear right wheel screeching continuously in forward and reverse, with or without braking.",brake,C:\Users\hp\Desktop\car_test\brake\brake214.wav,brake_jeep_land_2022.0,train
215,brake215,brake_squeal,Honda,Civic,2007.0,Gas,Unknown,High,"Occurs at low speed, while driving.",45.53,"High-pitched squealing from front wheel while driving, not affected by braking, changes to groan at low speed.",brake,C:\Users\hp\Desktop\car_test\brake\brake215.wav,brake_honda_civic_2007.0,train
216,brake216,brake_squeal,Unknown,,,Unknown,Unknown,Medium,"Occurs during light braking, at low speed, while driving.",9.17,"Whistling or light screeching sound at low speeds while driving, not consistently linked to braking.",brake,C:\Users\hp\Desktop\car_test\brake\brake216.wav,__unique_brake_517,val
217,brake217,brake_squeal,Infiniti,,,Gas,Unknown,Medium,"Occurs disappears when the brake pedal is applied, when braking.",31.38,Loud chirp/squeak or rattle from front left wheel that disappears when braking and returns immediately after.,brake,C:\Users\hp\Desktop\car_test\brake\brake217.wav,__unique_brake_518,train
219,brake219,brake_squeal,BMW,330i,2019.0,Gas,Unknown,Medium,Occurs during light braking.,12.35,Rear left brake screeches after driving and the wheel becomes hot. Noise stops with light braking or slight steering.,brake,C:\Users\hp\Desktop\car_test\brake\brake219.wav,brake_bmw_330i_2019.0,train
220,barake220,brake_squeal,Wilwood,,,Gas,Unknown,Medium,Condition not specified in the report.,10.99,Very loud brake squeal after brakes warm up. Braking performance remains normal.,brake,C:\Users\hp\Desktop\car_test\brake\brake220.wav,__unique_brake_520,train
221,brake221,brake_squeal,Unknown,,,Unknown,Unknown,Medium,"Occurs when braking, while driving.",28.31,"High-pitched squealing or screeching noise from wheel area while driving, often stopping temporarily when brakes are applied.",brake,C:\Users\hp\Desktop\car_test\brake\brake221.wav,__unique_brake_521,test
222,brake222,brake_squeal,Unknown,,,Unknown,Unknown,Low,"Occurs when braking, while driving.",21.01,New squealing noise while driving that stops immediately when brakes are pressed.,brake,C:\Users\hp\Desktop\car_test\brake\brake222.wav,__unique_brake_522,test
223,brake223,brake_squeal,Honda,Civic,2007.0,Gas,Unknown,Low,Occurs during braking.,25.39,Squealing noise during braking shortly after front pads and rotors were replaced.,brake,C:\Users\hp\Desktop\car_test\brake\brake223.wav,brake_honda_civic_2007.0,train
224,brake224,brake_squeal,Subaru,Forester,2017.0,Gas,Unknown,Low,Occurs at low speed.,10.65,"Squealing/rubbing noise appearing after long highway drive when moving slowly or creeping forward, sometimes without braking.",brake,C:\Users\hp\Desktop\car_test\brake\brake224.wav,brake_subaru_forester_2017.0,train
225,brake225,brake_squeal,Nissan,Versa,2010.0,Gas,Unknown,Low,"Occurs during braking, while driving.",73.92,Squealing noise that started during braking and later became present while driving and braking intermittently.,brake,C:\Users\hp\Desktop\car_test\brake\brake225.wav,brake_nissan_versa_2010.0,train
226,brake226,brake_clicking_noise,Land Rover,,,Gas,Unknown,Medium,Condition not specified in the report.,16.45,"Intermittent squealing or squeaking noise occurring at very low speeds (~10 mph), typically after sustained high-speed driving.",brake,C:\Users\hp\Desktop\car_test\brake\brake226.wav,__unique_brake_526,test
230,brake230,brake_squeal,Dodge,Nitro,,Gas,Unknown,Medium,"Occurs stops when the brake pedal is applied, when braking, while driving.",16.64,"Intermittent squeaking from front wheel area that continues while driving and stops when brakes are applied. Most likely brake pad vibration, dust shield contact with rotor, or minor pad hardware issue after recent brake component wear/upgrade.",brake,C:\Users\hp\Desktop\car_test\brake\brake230.wav,__unique_brake_527,test
232,brake232,brake_grinding,Unknown,,,Unknown,Unknown,Low,"Occurs during light braking, at low speed.",8.26,Persistent squeaking noise during light braking at low speeds after recent brake pad and rotor replacement. Noise reappears after short normal operation.,brake,C:\Users\hp\Desktop\car_test\brake\brake232.wav,__unique_brake_528,val
233,brake233,brake_squeal,Unknown,,,Unknown,Unknown,Low,"Occurs during light braking, after the brakes warm up.",27.67,"Brake squealing occurs only during cold morning starts after recent brake pad and rotor replacement, then disappears after short driving.",brake,C:\Users\hp\Desktop\car_test\brake\brake233.wav,__unique_brake_529,train
234,brake234,brake_squeal,Unknown,,,Unknown,Unknown,Medium,Condition not specified in the report.,8.0,Front wheel squeaking caused by brake wear indicator contacting the rotor.,brake,C:\Users\hp\Desktop\car_test\brake\brake234.wav,__unique_brake_530,train
235,brake235,brake_squeal,Unknown,,,Unknown,Unknown,Medium,Occurs while driving.,7.02,Squealing noise from the front wheel area while driving.,brake,C:\Users\hp\Desktop\car_test\brake\brake235.wav,__unique_brake_531,train
236,brake236,brake_squeal,Toyota,RAV4,2007.0,Gas,Unknown,Medium,"Occurs during light braking, while driving.",135.67,"Front brake scraping noise while driving, stops with light brake pressure.",brake,C:\Users\hp\Desktop\car_test\brake\brake236.wav,brake_toyota_rav4_2007.0,train
237,brake237,brake_squeal,Volkswagen,Jetta,2017.0,Gas,Unknown,Medium,Condition not specified in the report.,33.24,Grinding noise during low-speed braking even after replacing brake pads and rotors.,brake,C:\Users\hp\Desktop\car_test\brake\brake237.wav,brake_volkswagen_jetta_2017.0,train
238,brake238,brake_squeal,Unknown,,,Unknown,Unknown,Medium,Occurs at low speed.,26.47,Intermittent squeaking noise from front wheel at low speeds after highway driving.,brake,C:\Users\hp\Desktop\car_test\brake\brake238.wav,__unique_brake_534,val
239,brake239,brake_squeal,Toyota,iA,2018.0,Gas,Sedan,Low,Condition not specified in the report.,7.83,Squeaking noise continues even after replacing front pads and rear drum brakes.,brake,C:\Users\hp\Desktop\car_test\brake\brake239.wav,brake_toyota_ia_2018.0,train
240,brake240,brake_squeal,Honda,Civic,2007.0,Gas,Unknown,Medium,Occurs while turning.,17.0,Screeching noise from front driver side that changes when turning and with brake application.,brake,C:\Users\hp\Desktop\car_test\brake\brake240.wav,brake_honda_civic_2007.0,train
241,brake241,brake_squeal,Unknown,,,Unknown,Unknown,Medium,Occurs when braking.,30.53,Intermittent squeaking noise during wheel rotation that stops immediately when brake is applied.,brake,C:\Users\hp\Desktop\car_test\brake\brake241.wav,__unique_brake_537,val
242,brake242,brake_squeal,Nissan,Versa,2018.0,Gas,Sedan,Medium,Condition not specified in the report.,6.06,"""Improper installation of shims or brake hardware , Insufficient lubrication on caliper slide pins , Brake pad misalignment or improper seating , Caliper sticking or uneven pressure",brake,C:\Users\hp\Desktop\car_test\brake\brake242.wav,brake_nissan_versa_2018.0,val
243,brake243,brake_squeal,Unknown,,,Unknown,Unknown,Medium,"Occurs stops when the brake pedal is applied, when braking.",4.7,Intermittent squealing after the brakes warm up that stops when braking or turning.,brake,C:\Users\hp\Desktop\car_test\brake\brake243.wav,__unique_brake_539,val
244,brake244,brake_squeal,Ford,F-150,2021.0,Diesel,Pickup Truck,Low,Condition not specified in the report.,4.7,Intermittent squeaking noise from the driver's side that appears after braking.,brake,C:\Users\hp\Desktop\car_test\brake\brake244.wav,brake_ford_f-150_2021.0,val
245,brake245,brake_squeal,Subaru,Impreza,2012.0,Gas,Sedan/Hatchback,Low,Occurs while turning.,41.32,Metallic scraping/screeching sound during acceleration and while turning.,brake,C:\Users\hp\Desktop\car_test\brake\brake245.wav,brake_subaru_impreza_2012.0,train
246,brake246,brake_squeal,Hyundai,i40,2013.0,Diesel,Sedan/Wagon,Medium,Condition not specified in the report.,20.65,Very loud screeching from the front left brake/caliper after the car sat for several weeks.,brake,C:\Users\hp\Desktop\car_test\brake\brake246.wav,brake_hyundai_i40_2013.0,train
247,brake247,brake_squeal,Nissan,Versa,2012.0,Gas,Sedan,Medium,Occurs at low speed.,71.77,Squeaking noise at low speeds that becomes quieter as speed increases and disappears around 30 mph.,brake,C:\Users\hp\Desktop\car_test\brake\brake247.wav,brake_nissan_versa_2012.0,test
248,brake248,brake_squeal,Volkswagen,GTI,2019.0,Gas,Hatchback,Medium,"Occurs disappears when the brake pedal is applied, when braking, at low speed, while turning.",9.92,"Front left wheel squeak at low speeds, especially when turning, disappears when braking.",brake,C:\Users\hp\Desktop\car_test\brake\brake248.wav,brake_volkswagen_gti_2019.0,val
249,brake249,brake_squeal,Volkswagen,Golf GTI Mk7.5,2019.0,Gas,Hatchback,Medium,"At low speeds, especially while turning left. The noise disappears when the brake pedal is applied.",28.1,"Front-left squeaking noise, likely caused by slight brake pad-to-rotor contact, sticking caliper guide pins, or worn brake hardware.",brake,C:\Users\hp\Desktop\car_test\brake\brake249.wav,brake_volkswagen_golf gti mk7.5_2019.0,train
250,brake250,brake_squeal,Renault,Clio III,2009.0,Gas,Hatchback,Low,The noise comes and goes during driving and disappears when the brake pedal is pressed.,8.64,"Left front screeching/squeaking noise, likely caused by brake pad/rotor contact, sticking caliper, or brake hardware issue. Wheel bearing is also a possible cause",brake,C:\Users\hp\Desktop\car_test\brake\brake250.wav,brake_renault_clio iii_2009.0,train
251,brake251,brake_squeal,Unknown,,,Unknown,Unknown,High,When the vehicle is in Drive and moving.,25.02,"Screeching/scraping noise while the car is in Drive, likely caused by worn brake pads (wear indicator touching the rotor), a bent dust shield, a stuck brake caliper, or a small rock between the rotor and shield.",brake,C:\Users\hp\Desktop\car_test\brake\brake251.wav,__unique_brake_547,val
252,brake252,brake_squeal,Hyundai,Santa Fe,2011.0,Diesel,SUV,Medium,"After new brake pads installation; noticeable at low speed and in reverse, sometimes disappears after acceleration.",26.26,"Squeaking noise after replacing brake pads, likely caused by incorrect brake pad hardware/clip installation, pad wear indicator installed incorrectly, or brake pad contact with the rotor.",brake,C:\Users\hp\Desktop\car_test\brake\brake252.wav,brake_hyundai_santa fe_2011.0,train
253,brake253,brake_squeal,Unknown,,,Unknown,Unknown,Medium,"Under 25 mph, sometimes after highway driving. Noise is intermittent and not always present.",6.29,"Wheel squeaking noise at low speeds, possibly caused by worn brake pads, brake pad contact with rotor, brake dust shield rubbing, or another wheel-related issue.",brake,C:\Users\hp\Desktop\car_test\brake\brake253.wav,__unique_brake_549,test
254,brake254,brake_squeal,Mazda,3,2015.0,Gas,Sedan/Hatchback,Medium,Noise comes from the rear of the car and becomes quieter or disappears when the brake pedal is pressed.,29.29,"Rear squealing noise, likely caused by brake pad contact, brake dust shield rubbing on the rotor, stuck brake caliper, or brake hardware/clip issue.",brake,C:\Users\hp\Desktop\car_test\brake\brake254.wav,brake_mazda_3_2015.0,train
255,brake255,brake_squeal,Unknown,,,Unknown,Unknown,Medium,"When applying light brake pressure at low speed, especially after installing new pads/rotors.",26.99,"Extremely loud brake squeal after replacing rotors and pads. Most likely caused by brake pad vibration (pad harmonics), incorrect anti-squeal material, aggressive pad compound, or brake hardware issues.",brake,C:\Users\hp\Desktop\car_test\brake\brake255.wav,__unique_brake_551,train
256,brake256,brake_squeal,Hyundai,Tucson,2017.0,Diesel,SUV,Low,Starts after the first braking event. Tick frequency increases with vehicle speed and becomes louder when applying brake pressure.,67.52,"Front-right ticking noise after brake job, likely caused by brake clip/pad hardware touching the rotor, loose brake hardware, dust shield contact, or incorrect pad fitment.",brake,C:\Users\hp\Desktop\car_test\brake\brake256.wav,brake_hyundai_tucson_2017.0,train
257,brake257,brake_squeal,Renault,Clio IV,2014.0,Diesel,Hatchback,Medium,Starts after around 30 minutes of driving when brakes get warm. Disappears after washing the wheel/brake area or overnight. Noise disappears when brakes are applied.,67.52,"Front-left wheel squeaking noise, likely caused by brake pad/rotor contact, brake pad hardware, sticking caliper, or brake pad material issue.",brake,C:\Users\hp\Desktop\car_test\brake\brake257.wav,brake_renault_clio iv_2014.0,val
258,brake258,brake_squeal,Ford,Mustang,2006.0,Gas,Coupe,Low,Noise follows wheel speed and disappears when the brake pedal is applied,9.79,"Rotational squeaking/rubbing noise, likely caused by brake pad contact, brake hardware, caliper, or dust shield rubbing against the rotor after recent brake service.",brake,C:\Users\hp\Desktop\car_test\brake\brake258.wav,brake_ford_mustang_2006.0,train
259,brake259,brake_squeal,Subaru,Impreza WRX,2008.0,Gas,Sedan/Hatchback,Low,Intermittently while driving after the brake pad replacement.,7.02,"Intermittent scraping noise after replacing brake pads, likely caused by pad-to-rotor contact, incorrect pad fitment, sticking caliper, or uneven rotor surface. Uneven wear on the outer brake pad also suggests a brake component issue.",brake,C:\Users\hp\Desktop\car_test\brake\brake259.wav,brake_subaru_impreza wrx_2008.0,train
260,brake260,brake_squeal,Lexus,IS 300h,2017.0,Gas,Sedan,Low,"Mostly at 20–30 mph while cruising, sometimes during braking, and not always present.",23.25,"Rear-left screeching noise, likely caused by brake pad wear indicator, brake pad/rotor contact, brake hardware clip rubbing, dust shield contact, or a small stone trapped near the rotor.",brake,C:\Users\hp\Desktop\car_test\brake\brake260.wav,brake_lexus_is 300h_2017.0,train
261,brake261,brake_squeal,Ford,Explorer,2018.0,Gas,SUV,Low,Starts after 5–10 minutes of driving when the brakes warm up. Noise disappears immediately with very light brake pedal pressure.,14.46,"High-pitched squealing noise likely caused by brake pad wear indicator, brake pad/rotor contact, or brake hardware vibration.",brake,C:\Users\hp\Desktop\car_test\brake\brake261.wav,brake_ford_explorer_2018.0,test
262,brake262,brake_squeal,Ford,Edge,2014.0,Gas,SUV,Medium,"Starts after driving about 1.5 miles, happens while coasting or accelerating slowly after releasing the brake. Disappears above ~30 mph and is quiet when braking.",10.77,"Low-speed squeaking noise, likely caused by brake pad contact, sticking caliper, worn brake pads, or brake dust shield/heat shield rubbing against the rotor",brake,C:\Users\hp\Desktop\car_test\brake\brake262.wav,brake_ford_edge_2014.0,test
263,brake263,brake_squeal,Nissan,Sentra,2015.0,Gas,Sedan,High,While driving; appears to be getting worse over a few days.,7.91,"Loud grinding/screeching noise from the right side spreading to both sides. Possible causes include brake pads/rotor contact, damaged brake dust shield, wheel bearing, or another rotating component.",brake,C:\Users\hp\Desktop\car_test\brake\brake263.wav,brake_nissan_sentra_2015.0,test
264,brake264,brake_squeal,Hyundai,Tucson,2022.0,Gas,SUV,Medium,"Mostly during reverse at low speed, especially when lightly braking.",53.14,"Brake squealing noise mainly while reversing, likely caused by brake pad vibration, pad material characteristics, brake shims/clips, surface rust on rotors, or normal brake resonance.",brake,C:\Users\hp\Desktop\car_test\brake\brake264.wav,brake_hyundai_tucson_2022.0,train
265,brake265,brake_squeal,Hyundai,i20,2010.0,Diesel,Hatchback,Medium,"During acceleration; temporarily disappeared after hard braking, then returned after a few days",17.69,"Screeching/chirping noise during acceleration, likely related to worn brake pads, brake pad wear indicator, brake pad contact, or possible wheel bearing noise.",brake,C:\Users\hp\Desktop\car_test\brake\brake265.wav,brake_hyundai_i20_2010.0,test
266,brake266,brake_squeal,Hyundai,Tucson,2020.0,Gas,SUV,Medium,Mainly while coasting or decelerating; not present while braking.,5.4,"Grinding/scraping noise from front passenger side, likely caused by brake pad contact, worn brake components, seized caliper slider pins, or rotor rubbing.",brake,C:\Users\hp\Desktop\car_test\brake\brake266.wav,brake_hyundai_tucson_2020.0,val
267,brake267,brake_squeal,Kia,Sorento,2005.0,Gas,SUV,Medium,Only when the vehicle is in Drive and moving.,34.02,"Loud screeching noise likely caused by the brake wear indicator, a small rock trapped between the rotor and dust shield, or a bent brake dust/heat shield rubbing the rotor.",brake,C:\Users\hp\Desktop\car_test\brake\brake267.wav,brake_kia_sorento_2005.0,train
268,brake268,brake_squeal,Kia,Picanto,2005.0,Gas,Hatchback,Low,While driving; squeak increases with vehicle speed. Not affected by braking or steering.,10.47,"Front-right wheel squeak likely caused by a small stone trapped in the brake assembly, or a bent brake dust shield rubbing the rotor. Less likely, but possible, is a wheel bearing.",brake,C:\Users\hp\Desktop\car_test\brake\brake268.wav,brake_kia_picanto_2005.0,train
270,brake270,brake_squeal,Jeep,Grand Cherokee  4.0,2004.0,Gas,SUV,Medium,"Low speeds, especially uphill or accelerating.",11.75,"Low-speed screeching; possible belt/pulley, brake, or drivetrain issue.",brake,C:\Users\hp\Desktop\car_test\brake\brake270.wav,brake_jeep_grand cherokee  4.0_2004.0,train
271,brake271,brake_squeal,Jeep,Grand Cherokee,2015.0,Gas,SUV,Low,While driving.,12.71,"Rear squeaking noise likely from rear brakes, sticking caliper, or brake dust shield rubbing.",brake,C:\Users\hp\Desktop\car_test\brake\brake271.wav,brake_jeep_grand cherokee_2015.0,train
272,brake272,brake_squeal,Jeep,Gladiator Rubicon X,2024.0,Gas,Pickup Truck,Low,"First drive after sitting, lasts ~10–15 seconds, stops after braking.",10.28,Short squeaking noise likely from brake pads/caliper sticking or brake components settling after parking.,brake,C:\Users\hp\Desktop\car_test\brake\brake272.wav,brake_jeep_gladiator rubicon x_2024.0,train
273,brake273,brake_squeal,Subaru,Outback,2017.0,Gas,Wagon/SUV,Low,"After startup, worse in cold conditions.",15.51,Squealing noise likely from brake pads/brake wear indicator or possibly a slipping belt.,brake,C:\Users\hp\Desktop\car_test\brake\brake273.wav,brake_subaru_outback_2017.0,train
274,brake274,brake_squeal,Subaru,WRX,2006.0,Gas,Sedan,Medium,After sitting overnight or during cold starts; disappears after a few stops.,16.66,"New brake pads/rotors causing loud cold squeal, likely due to pad compound, missing shims, or brake vibration.",brake,C:\Users\hp\Desktop\car_test\brake\brake274.wav,brake_subaru_wrx_2006.0,train
275,brake275,brake_squeal,Subaru,Crosstrek,2020.0,Gas,SUV,Medium,After ~20 minutes of driving; while accelerating or coasting. Stops when braking.,16.66,High-pitched squeal likely from idler pulley/belt or brake-related vibration. Less likely to be brakes since new brakes did not solve it.,brake,C:\Users\hp\Desktop\car_test\brake\brake275.wav,brake_subaru_crosstrek_2020.0,val
276,brake276,brake_squeal,Subaru,Forester,2018.0,Gas,SUV,Medium,"Around 30 mph+, when steering straight or right; stops when turning left.",13.57,Squeal likely from driveshaft carrier bearing or a rock/dust shield rubbing near the rear brake rotor.,brake,C:\Users\hp\Desktop\car_test\brake\brake276.wav,brake_subaru_forester_2018.0,test
277,brake277,brake_squeal,Subaru,Forester,2013.0,Gas,SUV,Low,After driving for a few minutes; stops completely when braking.,10.28,"Rear squeaking/squealing likely caused by brake pad contact, brake hardware, or dust shield rubbing.",brake,C:\Users\hp\Desktop\car_test\brake\brake277.wav,brake_subaru_forester_2013.0,val
278,brake278,brake_squeal,Subaru,XV / Crosstrek,2021.0,Gas,SUV,Low,When brake pedal is not fully pressed; noise appears while driving and changes with wheel rotation.,5.85,"Rattling/rotational noise likely from brake dust shield, pebble trapped between rotor and shield, or brake rotor contact",brake,C:\Users\hp\Desktop\car_test\brake\brake278.wav,brake_subaru_xv / crosstrek_2021.0,train
279,brake279,brake_squeal,Subaru,BRZ,2020.0,Gas,Coupe,Low,"Starts after driving, continues with acceleration; not present at idle.",27.97,"Constant squeaking while driving, likely related to brakes (pad/rotor contact, dust shield, or debris) rather than engine.",brake,C:\Users\hp\Desktop\car_test\brake\brake279.wav,brake_subaru_brz_2020.0,train
280,brake280,brake_squeal,Subaru,Outback,2005.0,Gas,Wagon/SUV,Low,"At low speeds, comes and goes randomly; not mainly during braking.",8.3,"Low-speed intermittent squeaking likely caused by brake-related contact, such as a rock between rotor and dust shield, brake pad wear tab, or slight rubbing.",brake,C:\Users\hp\Desktop\car_test\brake\brake280.wav,brake_subaru_outback_2005.0,test
281,brake281,brake_squeal,Unknown,,,Unknown,Unknown,Medium,While driving; stops when braking.,9.77,"Constant screech likely caused by the brake wear indicator, worn pads, or a small rock trapped between the rotor and backing plate.",brake,C:\Users\hp\Desktop\car_test\brake\brake281.wav,__unique_brake_576,val
282,brake282,brake_squeak,Subaru,Outback,2019.0,Gas,Wagon/SUV,Medium,"Starts randomly while driving; continues during accelerating, coasting, and braking.",8.66,"Screeching likely caused by a bent brake dust shield, trapped rock, rotor contact, or sticking caliper after hitting a pothole.",brake,C:\Users\hp\Desktop\car_test\brake\brake282.wav,brake_subaru_outback_2019.0,test
283,brake283,brake_squeal,Subaru,Legacy 3.6R,2017.0,Gas,Sedan,Medium,"Starts around 10–20 mph; slight grinding while braking, especially near a stop.",11.26,Grinding noise likely caused by worn rear brake pads and rotors.,brake,C:\Users\hp\Desktop\car_test\brake\brake283.wav,brake_subaru_legacy 3.6r_2017.0,val
284,brake284,brake_squeal,Mazda,Axela 15S,2014.0,Gas,Sedan/Hatchback,Medium,Happens mainly when turning right.,4.48,Screeching noise likely caused by worn brake pads rubbing the rotor or brake components contacting during turns.,brake,C:\Users\hp\Desktop\car_test\brake\brake284.wav,brake_mazda_axela 15s_2014.0,train
285,brake285,brake_squeal,Mazda,MX-5 RF,2019.0,Gas,Coupe/Roadster,High,"Started with squealing while reversing, then grinding while driving forward.",7.77,"Rear brake pads were worn down, causing grinding/screeching from metal-on-metal contact and rotor scratching.",brake,C:\Users\hp\Desktop\car_test\brake\brake285.wav,brake_mazda_mx-5 rf_2019.0,test
286,brake286,brake_squeal,Mazda,3,2015.0,Gas,Unknown,Medium,Happens continuously while driving.,21.31,"Squeaky noise while driving, possibly related to brakes, brake pads, or brake hardware.",brake,C:\Users\hp\Desktop\car_test\brake\brake286.wav,brake_mazda_3_2015.0,train
287,brake287,brake_squeal,BMW,M4 Competition G82,2026.0,Gas,Coupe,Low,"Happens when lightly applying brakes, especially during early ownership/cold brakes.",9.86,Brake squeal/crunching sound likely from performance brake pads when cold or possibly a small rock/debris trapped near the caliper/rotor.,brake,C:\Users\hp\Desktop\car_test\brake\brake287.wav,brake_bmw_m4 competition g82_2026.0,val
288,brake288,brake_squeal,BMW,F30 335i,2012.0,Gas,Sedan,Medium,"Happens during initial warm starts and low-speed rolling, disappears after a full stop/braking.",34.5,"Noise likely caused by brake-related contact such as a brake dust shield rubbing, brake pad hardware, caliper guide issue, or debris near the rotor.",brake,C:\Users\hp\Desktop\car_test\brake\brake288.wav,brake_bmw_f30 335i_2012.0,test
289,brake289,brake_squeal,BMW,760i,2019.0,Gas,Sedan,Low,Happens when putting the car in reverse and moving.,16.81,"High-pitched squealing/grinding noise likely caused by debris (such as a rock) trapped near the brake rotor, or brake shield/pad contact.",brake,C:\Users\hp\Desktop\car_test\brake\brake289.wav,brake_bmw_760i_2019.0,val
290,brake290,brake_squeal,BMW,340i,2016.0,Gas,Sedan,Low,Starts after the brakes warm up (first few minutes are quiet) and continues during driving.,19.97,"Loud brake squeal likely caused by brake pad compound, rotor/pad vibration, brake dust, or performance-style brakes.",brake,C:\Users\hp\Desktop\car_test\brake\brake290.wav,brake_bmw_340i_2016.0,val
291,brake291,brake_squeal,BMW,116d M Sport,2019.0,Diesel,Hatchback,Low,"Happens when unlocking the car, turning off the car, and applying the parking brake.",10.37,"Squeaking metal movement sound possibly related to parking brake mechanism/cable, brake components, or a small object near the brake area.",brake,C:\Users\hp\Desktop\car_test\brake\brake291.wav,brake_bmw_116d m sport_2019.0,test
292,brake292,brake_squeal,BMW,330i,2019.0,Gas,Sedan,Low,"Happens only during the first few braking events of the day (first ~7–8 stops), then disappears",12.05,"Loud brake noise likely caused by surface rust/moisture on rotors, brake pad material, or brake pad vibration.",brake,C:\Users\hp\Desktop\car_test\brake\brake292.wav,brake_bmw_330i_2019.0,train
293,brake293,brake_squeal,BMW,540i,2018.0,Gas,Sedan,Low,Loud squeak from rear passenger wheel at low speed while off the brakes.,15.89,"Likely brake dust shield rubbing, loose brake hardware, or small pebble/debris trapped near the rotor.",brake,C:\Users\hp\Desktop\car_test\brake\brake293.wav,brake_bmw_540i_2018.0,train
294,brake294,brake_squeal,Ford,F-150 STX,2025.0,Gas,Pickup Truck,Medium,"Happens during slow-speed braking, started a few weeks after purchase, continues and worsened after 4,000 miles.",14.61,"Possible brake rotor/pad issue, uneven pad transfer, rotor surface problem, or brake hardware/caliper issue causing thumping and loud squeal.",brake,C:\Users\hp\Desktop\car_test\brake\brake294.wav,brake_ford_f-150 stx_2025.0,train
295,brake295,brake_squeal,Ford,F-150  2.7L 4x4,2018.0,Gas,Pickup Truck,Medium,"Squeal heard mainly at low speeds (<3 mph), with windows down, possible dragging feeling and slight MPG drop",,"Likely brake squeal caused by pad/rotor contact, possible brake drag, or sticky caliper piston.",brake,C:\Users\hp\Desktop\car_test\brake\brake295.wav,brake_ford_f-150  2.7l 4x4_2018.0,val
296,brake296,brake_squeal,Ford,F-150 FX4  5.0L,2014.0,Gas,Pickup Truck,Medium,"Loud squeak/grind happens when first moving after sitting several hours/overnight, then disappears until parked again.",,"Likely parking brake shoe drag, parking brake adjustment issue, brake shoe corrosion/binding, or rear brake hardware rubbing.",brake,C:\Users\hp\Desktop\car_test\brake\brake296.wav,brake_ford_f-150 fx4  5.0l_2014.0,train
297,brake297,brake_squeal,Ford,F-150  5.0L,2015.0,Gas,Pickup Truck,High,Rear grinding noise despite newer rear pads/rotors; parking brake has a history of locking up.,,"Possible parking brake shoe issue, rear brake hardware contact, or internal parking brake mechanism problem.",brake,C:\Users\hp\Desktop\car_test\brake\brake297.wav,brake_ford_f-150  5.0l_2015.0,train
298,brake298,brake_squeal,Ford,F-150  2WD,2021.0,Gas,Pickup Truck,Low,"Started after suspension work, especially in reverse with wheels turned; later noticed at low speeds too.",,Brake dust shield/backing plate bent and rubbing against the rotor after leveling kit installation.,brake,C:\Users\hp\Desktop\car_test\brake\brake298.wav,brake_ford_f-150  2wd_2021.0,train
299,brake299,brake_squeal,Toyota,4Runner SR5,2005.0,Gas,SUV,Low,Started immediately after wheel hub replacement; noise changes with wheel speed and occurs forward and reverse.,,Brake dust shield/backing plate rubbing against the rotor after wheel hub and suspension work.,brake,C:\Users\hp\Desktop\car_test\brake\brake299.wav,brake_toyota_4runner sr5_2005.0,val
300,brake300,brake_squeal,Honda,Accord Coupe 6-6 manual,2007.0,Gas,Sedan,Medium,Low-speed driving; noise seemed related to clutch operation but was actually from the brakes.,,Worn brake pads/rotors causing squeaking noise (initially mistaken for clutch noise).,brake,C:\Users\hp\Desktop\car_test\brake\brake300.wav,brake_honda_accord coupe 6-6 manual_2007.0,test
1,sway- 1,,Chevrolet,Impala,2008,Gas,Sedan,Medium,Unknown,,2008 Chevrolet Impala - Suspension(?) Noise help,sway,C:\Users\hp\Desktop\car_test\sway\sway-cut\sway_001_cut.wav,sway_chevrolet_impala_2008,train
2,sway- 2,,Ford,focus,2014,Gas,Hatchback,Medium,Low speed,,"2014 ford focus 231368 miles, After 1 week of replacing sway bar links it started doing this clunck noise when moving steering wheel, car...",sway,C:\Users\hp\Desktop\car_test\sway\sway-cut\sway_002_cut.wav,sway_ford_focus_2014,test
3,sway- 3,,Unknown,Unknown,Unknown,Unknown,Unknown,Medium,Unknown,,Would this be due to the end link or the sway bar bushings below?,sway,C:\Users\hp\Desktop\car_test\sway\sway-cut\sway_003_cut.wav,__unique_sway_598,train
4,sway- 4,,Unknown,Unknown,Unknown,Unknown,Unknown,Medium,Unknown,,Sway bar movement,sway,C:\Users\hp\Desktop\car_test\sway\sway-cut\sway_004_cut.wav,__unique_sway_599,test
5,sway- 5,,Ford,F150,2013,Gas,Pickup,High,Highway speed,,Bad sway bar link?,sway,C:\Users\hp\Desktop\car_test\sway\sway-cut\sway_005_cut.wav,sway_ford_f150_2013,train
6,sway- 6,,Toyota,Highlander,2021,Gas,SUV,Low,Turning,,Noise after front strut & sway bar replacement,sway,C:\Users\hp\Desktop\car_test\sway\sway-cut\sway_006_cut.wav,sway_toyota_highlander_2021,train
7,sway- 7,,Acura,TSX,2009,Gas,Sedan,High,Bumps,,2009 Acura TSX Crazy Loud Squeaking From Driver’s Side Suspension. Already Replaced Ball Joints + Sway Bar Links,sway,C:\Users\hp\Desktop\car_test\sway\sway-cut\sway_007_cut.wav,sway_acura_tsx_2009,train
8,sway- 8,,Lexus,ES350,2016,Gas,Sedan,Medium,Unknown,,Sway bar endlink making noise when body roll,sway,C:\Users\hp\Desktop\car_test\sway\sway-cut\sway_008_cut.wav,sway_lexus_es350_2016,train
9,sway- 9,,Unknown,Unknown,Unknown,Unknown,Unknown,Medium,Unknown,,Sway bar link noise?,sway,C:\Users\hp\Desktop\car_test\sway\sway-cut\sway_009_cut.wav,__unique_sway_604,train
10,sway- 10,,Buick,enclave,2011,Gas,SUV,Medium,Unknown,,is the sway bar suppose to have any play?a at,sway,C:\Users\hp\Desktop\car_test\sway\sway-cut\sway_010_cut.wav,sway_buick_enclave_2011,test
11,sway- 11,,Unknown,Unknown,Unknown,Unknown,Unknown,Medium,Bumps,,Squeeky noise from sway bar?,sway,C:\Users\hp\Desktop\car_test\sway\sway-cut\sway_011_cut.wav,__unique_sway_606,train
12,sway- 12,,Subaru,Legacy,2008,Gas,Sedan,High,Unknown,,Is this too much play in my front sway bar bushings?,sway,C:\Users\hp\Desktop\car_test\sway\sway-cut\sway_012_cut.wav,sway_subaru_legacy_2008,train
13,sway- 13,,Mercedes,-Benz,2012,Gas,Unknown,High,Unknown,,Does this sound like a bad sway bar link?,sway,C:\Users\hp\Desktop\car_test\sway\sway-cut\sway_013_cut.wav,sway_mercedes_-benz_2012,train
14,sway- 14,,Mazda,3,2015,Gas,Unknown,High,Bumps,,Wife’s Bf’s Car making noise,sway,C:\Users\hp\Desktop\car_test\sway\sway-cut\sway_014_cut.wav,sway_mazda_3_2015,train
15,sway- 15,,Unknown,Unknown,Unknown,Unknown,Unknown,High,Unknown,,Sway bar bushings - are they bad?,sway,C:\Users\hp\Desktop\car_test\sway\sway-cut\sway_015_cut.wav,__unique_sway_610,train
16,sway- 16,,Ford,Escape,2012,Gas,SUV,High,Unknown,,Potential Sway bar replacement,sway,C:\Users\hp\Desktop\car_test\sway\sway-cut\sway_016_cut.wav,sway_ford_escape_2012,val
17,sway- 17,,Unknown,Unknown,Unknown,Unknown,Unknown,Medium,Driving,,Should I listen to the mechanic and replace newly installed sway bar links?,sway,C:\Users\hp\Desktop\car_test\sway\sway-cut\sway_017_cut.wav,__unique_sway_612,train
18,sway- 18,,Unknown,Unknown,Unknown,Unknown,Unknown,Medium,Unknown,,Could a torn sway bar link boot make this noise?,sway,C:\Users\hp\Desktop\car_test\sway\sway-cut\sway_018_cut.wav,__unique_sway_613,test
19,sway- 19,,Unknown,Unknown,Unknown,Unknown,Unknown,Medium,Bumps,,Bad sway bar end link?,sway,C:\Users\hp\Desktop\car_test\sway\sway-cut\sway_019_cut.wav,__unique_sway_614,train
20,sway- 20,,Hyundai,Sonata,2015,Gas,Sedan,High,Unknown,,Do I Need to Replace My Sway Bar Links?,sway,C:\Users\hp\Desktop\car_test\sway\sway-cut\sway_020_cut.wav,sway_hyundai_sonata_2015,train
21,sway- 21,,Acura,RSX,2002,Gas,Unknown,High,Driving,,2002 Acura RSX sway bar link issue?,sway,C:\Users\hp\Desktop\car_test\sway\sway-cut\sway_021_cut.wav,sway_acura_rsx_2002,train
22,sway- 22,,Honda,pilot,2005,Gas,SUV,Medium,Unknown,,Sway bar play normal?,sway,C:\Users\hp\Desktop\car_test\sway\sway-cut\sway_022_cut.wav,sway_honda_pilot_2005,test
23,sway- 23,,Unknown,Unknown,Unknown,Unknown,Unknown,Medium,Unknown,,Does this sound like sway bar bushings?,sway,C:\Users\hp\Desktop\car_test\sway\sway-cut\sway_023_cut.wav,__unique_sway_618,train
24,sway- 24,,Buick,Enclave,2013,Gas,SUV,High,Unknown,,"Clunking in the front end on my wife’s 2013 Buick Enclave. I started with the sway bar bushings and links on both sides, didn’t fix it....",sway,C:\Users\hp\Desktop\car_test\sway\sway-cut\sway_024_cut.wav,sway_buick_enclave_2013,val
25,sway- 25,,Unknown,Unknown,Unknown,Unknown,Pickup,Medium,Unknown,,"After replacing control arms, sway bar links, and lower ball joints on my truck, there is still a noise that sounds like it’s coming from...",sway,C:\Users\hp\Desktop\car_test\sway\sway-cut\sway_025_cut.wav,__unique_sway_620,train
26,sway- 26,,Subaru,Crosstrek,2018,Gas,SUV,Low,Unknown,,"Dealership recommended $7000 in repairs—any of this immediately needed? Cam carrier leak, sway bar link, replace control arm. 2018 Subaru...",sway,C:\Users\hp\Desktop\car_test\sway\sway-cut\sway_026_cut.wav,sway_subaru_crosstrek_2018,train
27,sway- 27,,Unknown,Unknown,Unknown,Unknown,Unknown,Medium,Unknown,,Low speed only when sound occurs. Any ideas is it the sway bar bushings,sway,C:\Users\hp\Desktop\car_test\sway\sway-cut\sway_027_cut.wav,__unique_sway_622,train
28,sway- 28,,Nissan,versa SL,2007,Gas,Unknown,High,Bumps,,Does the 2nd sway bar link look bad?,sway,C:\Users\hp\Desktop\car_test\sway\sway-cut\sway_028_cut.wav,sway_nissan_versa sl_2007,train
29,sway- 29,,Unknown,Unknown,Unknown,Unknown,Unknown,Medium,Unknown,,ive spent 800+ on lower control arms and sway bar links and labor but this noise persists im pretty sure tech is guessing. any ideas?,sway,C:\Users\hp\Desktop\car_test\sway\sway-cut\sway_029_cut.wav,__unique_sway_624,val
30,sway- 30,,Lincoln,Town,1997,Gas,Unknown,Medium,Unknown,,1997 Lincoln Town Car a lot of noise from the front end. It started today and it sounds different every time it happens. It’s either a...,sway,C:\Users\hp\Desktop\car_test\sway\sway-cut\sway_030_cut.wav,sway_lincoln_town_1997,test
31,sway- 31,,Unknown,Unknown,Unknown,Unknown,Unknown,Medium,Unknown,,Is this sound familiar to anyone? Mech said sway bar links replaced and it persists,sway,C:\Users\hp\Desktop\car_test\sway\sway-cut\sway_031_cut.wav,__unique_sway_626,train
32,sway- 32,,Kia,soul,2013,Gas,Hatchback,High,Unknown,,"Clunk noise, sway bar links or other bushing?",sway,C:\Users\hp\Desktop\car_test\sway\sway-cut\sway_032_cut.wav,sway_kia_soul_2013,train
33,sway- 33,,Unknown,Unknown,Unknown,Unknown,Unknown,High,Unknown,,"Clunking noise in front end. (I've swapped control arms, ball joints and sway bar links but the noise is still there. The sway bar looks...",sway,C:\Users\hp\Desktop\car_test\sway\sway-cut\sway_033_cut.wav,__unique_sway_628,train
34,sway- 34,,Unknown,Unknown,Unknown,Unknown,Unknown,Medium,Unknown,,What are the odds this is a bad sway bar link?,sway,C:\Users\hp\Desktop\car_test\sway\sway-cut\sway_034_cut.wav,__unique_sway_629,train
35,sway- 35,,Toyota,Camry,2001,Gas,Sedan,High,Unknown,,new sway bar bushings? 2001 Toyota Camry,sway,C:\Users\hp\Desktop\car_test\sway\sway-cut\sway_035_cut.wav,sway_toyota_camry_2001,test
36,sway- 36,,Unknown,Unknown,Unknown,Unknown,Unknown,Medium,Unknown,,Is this sway bar movement normal?,sway,C:\Users\hp\Desktop\car_test\sway\sway-cut\sway_036_cut.wav,__unique_sway_631,train
37,sway- 37,,Subaru,crosstrek,2022,Gas,SUV,Medium,Unknown,,Broken sway bar bushing?,sway,C:\Users\hp\Desktop\car_test\sway\sway-cut\sway_037_cut.wav,sway_subaru_crosstrek_2022,train
38,sway- 38,,Ford,Escape,2010,Gas,SUV,Medium,Turning,,"Any idea what that squeaking noise this when turning the steering wheel (left driver side)? It’s been doing it for a while now, but it’s...",sway,C:\Users\hp\Desktop\car_test\sway\sway-cut\sway_038_cut.wav,sway_ford_escape_2010,train
39,sway- 39,,Unknown,Unknown,Unknown,Unknown,Unknown,Medium,Unknown,,Should my sway bar link be doing this? The other one doesn’t move,sway,C:\Users\hp\Desktop\car_test\sway\sway-cut\sway_039_cut.wav,__unique_sway_634,train
40,sway- 40,,Unknown,Unknown,Unknown,Unknown,Unknown,Medium,Unknown,,could this sway bar link cuase noise in the front end,sway,C:\Users\hp\Desktop\car_test\sway\sway-cut\sway_040_cut.wav,__unique_sway_635,train
41,sway- 41,,Ford,Fusion,2015,Gas,Sedan,High,Unknown,,Struts/shocks/sway bar replaced. Now new clunking noise in back right when hitting bumps,sway,C:\Users\hp\Desktop\car_test\sway\sway-cut\sway_041_cut.wav,sway_ford_fusion_2015,train
42,sway- 42,,Honda,Civic,2012,Gas,Sedan,Medium,"Turning, Low speed",,Bad sway bar maybe?,sway,C:\Users\hp\Desktop\car_test\sway\sway-cut\sway_042_cut.wav,sway_honda_civic_2012,train
43,sway- 43,,Subaru,Impreza,2006,Gas,Sedan,Medium,Unknown,,Crunching noise coming from front end of 2006 Subaru Impreza after getting front anti roll bar bushes replaced,sway,C:\Users\hp\Desktop\car_test\sway\sway-cut\sway_043_cut.wav,sway_subaru_impreza_2006,train
44,sway- 44,,Unknown,Unknown,Unknown,Unknown,Unknown,Medium,Unknown,,Tried doing sway bar bushings and this whole thing came loose,sway,C:\Users\hp\Desktop\car_test\sway\sway-cut\sway_044_cut.wav,__unique_sway_639,test
45,sway- 45,,Honda,Civic,2015,Gas,Sedan,Medium,Unknown,,(2015 Honda Civic Si) I’m assuming the noise is from worn out cv axles or sway bar endlinks. I want to know for sure before I spend the...,sway,C:\Users\hp\Desktop\car_test\sway\sway-cut\sway_045_cut.wav,sway_honda_civic_2015,train
46,sway- 46,,Unknown,Unknown,Unknown,Unknown,Unknown,Medium,Unknown,,Is this noise from a bad control arm bushing?,sway,C:\Users\hp\Desktop\car_test\sway\sway-cut\sway_046_cut.wav,__unique_sway_641,val
47,sway- 47,,Ford,Focus,2002,Gas,Hatchback,Medium,Unknown,,(Video) How tight is too tight for sway bar to frame bushings? Original bushings. Front is even stiffer. 2002 Ford Focus SVT,sway,C:\Users\hp\Desktop\car_test\sway\sway-cut\sway_047_cut.wav,sway_ford_focus_2002,train
48,sway- 48,,Nissan,Kicks SV,2018,Gas,Unknown,High,Unknown,,Sway bar links? (2018 Nissan Kicks SV),sway,C:\Users\hp\Desktop\car_test\sway\sway-cut\sway_048_cut.wav,sway_nissan_kicks sv_2018,test
49,sway- 49,,Lexus,es300,Unknown,Gas,Sedan,Medium,Unknown,,"Makes a crank noise when I’m turning right, I was told it was the cv axle or maybe bad sway bar end links? It a 97 lexus es300",sway,C:\Users\hp\Desktop\car_test\sway\sway-cut\sway_049_cut.wav,__unique_sway_644,train
50,sway- 50,,Kia,Soul,2014,Gas,Hatchback,High,"Turning, Driving",,2014 Kia Soul- Very Loud Creaking/Scraping/Clunking & Squealing noise while driving slow(quiets down when on highway) and turning...,sway,C:\Users\hp\Desktop\car_test\sway\sway-cut\sway_050_cut.wav,sway_kia_soul_2014,train
51,sway- 51,,Mini,Cooper S,Unknown,Gas,Unknown,High,"Bumps, Accelerating",,"R56 Mini Cooper S.  The front end has a clunk when accelerating, decelerating, and going over bumps, all at lower speeds.  Ball joints and...",sway,C:\Users\hp\Desktop\car_test\sway\sway-cut\sway_051_cut.wav,__unique_sway_646,train
52,sway- 52,,Honda,Odyssey,2020,Gas,Minivan,High,Unknown,,2020 Honda Odyssey Clunk/Bobble Suspension Sound,sway,C:\Users\hp\Desktop\car_test\sway\sway-cut\sway_052_cut.wav,sway_honda_odyssey_2020,train
53,sway- 53,,Hyundai,Elantra,2006,Gas,Sedan,High,Unknown,,Please help!!!!  What could be this clunking sound on a 2006 Hyundai Elantra?!?!,sway,C:\Users\hp\Desktop\car_test\sway\sway-cut\sway_053_cut.wav,sway_hyundai_elantra_2006,train
54,sway- 54,,Unknown,Unknown,Unknown,Unknown,Unknown,High,Unknown,,Clunking sound when going over rough roads,sway,C:\Users\hp\Desktop\car_test\sway\sway-cut\sway_054_cut.wav,__unique_sway_649,test
55,sway- 55,,Ford,Ranger,2018,Gas,Pickup,High,Unknown,,Can you help diagnose a slight “clunk” in the front end? Sound on*,sway,C:\Users\hp\Desktop\car_test\sway\sway-cut\sway_055_cut.wav,sway_ford_ranger_2018,train
56,sway- 56,,Volvo,S60 T5,2013,Gas,Unknown,High,Unknown,,Clunking Sound,sway,C:\Users\hp\Desktop\car_test\sway\sway-cut\sway_056_cut.wav,sway_volvo_s60 t5_2013,train
57,sway- 57,,Toyota,camry,Unknown,Gas,Sedan,High,Unknown,,03 camry clunk sound,sway,C:\Users\hp\Desktop\car_test\sway\sway-cut\sway_057_cut.wav,__unique_sway_652,train
58,sway- 58,,Mazda,3,2018,Gas,Unknown,High,"Bumps, Low speed",,Rear suspension noises,sway,C:\Users\hp\Desktop\car_test\sway\sway-cut\sway_058_cut.wav,sway_mazda_3_2018,train
59,sway- 59,,Subaru,STI,2011,Gas,Unknown,High,"Turning, Low speed",,2011 Subaru STI (EJ257) - Popping when turning wheel near full lock either side,sway,C:\Users\hp\Desktop\car_test\sway\sway-cut\sway_059_cut.wav,sway_subaru_sti_2011,test
60,sway- 60,,Hyundai,Sonata,2016,Gas,Sedan,High,Bumps,,2016 Hyundai Sonata Sport-Clunking when going over bumps,sway,C:\Users\hp\Desktop\car_test\sway\sway-cut\sway_060_cut.wav,sway_hyundai_sonata_2016,val
61,sway- 61,,Toyota,Highlander,2005,Gas,SUV,High,"Bumps, Driving",,CV axle not seated properly?,sway,C:\Users\hp\Desktop\car_test\sway\sway-cut\sway_061_cut.wav,sway_toyota_highlander_2005,train
62,sway- 62,,Mazda,6 GT,2016,Gas,Unknown,High,Bumps,,What is this noise?,sway,C:\Users\hp\Desktop\car_test\sway\sway-cut\sway_062_cut.wav,sway_mazda_6 gt_2016,train
63,sway- 63,,Toyota,Rav4,2012,Gas,SUV,High,Driving,,Toyota Rav4 2012 4cyl,sway,C:\Users\hp\Desktop\car_test\sway\sway-cut\sway_063_cut.wav,sway_toyota_rav4_2012,val
64,sway- 64,,Acura,MDX,Unknown,Gas,SUV,High,Low speed,,Clunking metallic noise occurs at low speeds (10–15 mph),sway,C:\Users\hp\Desktop\car_test\sway\sway-cut\sway_064_cut.wav,__unique_sway_659,train
65,sway- 65,,Ford,Focus,2012,Gas,Hatchback,High,Driving,,"Clunking noise when starting car/driving over cracks, bumps or potholes",sway,C:\Users\hp\Desktop\car_test\sway\sway-cut\sway_065_cut.wav,sway_ford_focus_2012,train
66,sway- 66,,Chrysler,300,2016,Gas,Sedan,Medium,Unknown,,What's making this noise - 2016 Chrysler 300,sway,C:\Users\hp\Desktop\car_test\sway\sway-cut\sway_066_cut.wav,sway_chrysler_300_2016,train
67,sway- 67,,Genesis,coupe,2011,Gas,Coupe,High,Bumps,,2011 genesis coupe front end noise,sway,C:\Users\hp\Desktop\car_test\sway\sway-cut\sway_067_cut.wav,sway_genesis_coupe_2011,train
68,sway- 68,,Ford,fusion,2011,Gas,Sedan,High,Unknown,,2011 ford fusion hollow clunk,sway,C:\Users\hp\Desktop\car_test\sway\sway-cut\sway_068_cut.wav,sway_ford_fusion_2011,train
69,sway- 69,,Ford,fusion,2011,Gas,Sedan,High,Unknown,,2011 ford fusion hollow clunk,sway,C:\Users\hp\Desktop\car_test\sway\sway-cut\sway_069_cut.wav,sway_ford_fusion_2011,train
70,sway- 70,,Volvo,S60,2013,Gas,Unknown,High,Unknown,,2013 Volvo S60,sway,C:\Users\hp\Desktop\car_test\sway\sway-cut\sway_070_cut.wav,sway_volvo_s60_2013,train
71,sway- 71,,Volkswagen,Golf,2009,Gas,Hatchback,High,Driving,,VW Golf 2009 mk6 clunk,sway,C:\Users\hp\Desktop\car_test\sway\sway-cut\sway_071_cut.wav,sway_volkswagen_golf_2009,train
72,sway- 72,,Unknown,Unknown,Unknown,Unknown,Unknown,High,"Turning, Low speed",,weird noise from front left when steering,sway,C:\Users\hp\Desktop\car_test\sway\sway-cut\sway_072_cut.wav,__unique_sway_667,train
73,sway- 73,,Toyota,Corolla,Unknown,Gas,Sedan,High,"Turning, Bumps",,06 Corolla front suspension/steering noise... Help?,sway,C:\Users\hp\Desktop\car_test\sway\sway-cut\sway_073_cut.wav,__unique_sway_668,train
74,sway- 74,,Unknown,Unknown,Unknown,Unknown,Unknown,High,Turning,,Mystery Clunk,sway,C:\Users\hp\Desktop\car_test\sway\sway-cut\sway_074_cut.wav,__unique_sway_669,val
75,sway- 75,,Honda,civic,2007,Gas,Sedan,High,Bumps,,Random clunk,sway,C:\Users\hp\Desktop\car_test\sway\sway-cut\sway_075_cut.wav,sway_honda_civic_2007,train
76,sway- 76,,Chevrolet,Uplander,2008,Gas,Unknown,High,Unknown,,Front wheel play at 12–6 and 3–9 with clunking sound – brake test done – need help diagnosing (2008 Chevy Uplander),sway,C:\Users\hp\Desktop\car_test\sway\sway-cut\sway_076_cut.wav,sway_chevrolet_uplander_2008,train
77,sway- 77,,Jeep,Cherokee,2016,Gas,SUV,High,"Turning, Bumps",,Help! What's going here ? Side to side play on passenger 2016 Jeep Cherokee. There's a clunk sound when going over bumps that's more...,sway,C:\Users\hp\Desktop\car_test\sway\sway-cut\sway_077_cut.wav,sway_jeep_cherokee_2016,train
78,sway- 78,,Volkswagen,Tiguan,2015,Gas,SUV,High,Unknown,,What is this sound? Brake clunking and wheel moving on 2015 Tiguan,sway,C:\Users\hp\Desktop\car_test\sway\sway-cut\sway_078_cut.wav,sway_volkswagen_tiguan_2015,train
79,sway- 79,,Audi,S5,Unknown,Gas,Unknown,High,Unknown,,"Help: Anyone know why Single ""clunk"" sound on acceleration - Audi S5, please see the video",sway,C:\Users\hp\Desktop\car_test\sway\sway-cut\sway_079_cut.wav,__unique_sway_674,train
80,sway- 80,,Subaru,Legacy,2013,Gas,Sedan,High,Driving,,2013 Subaru Legacy. Hearing a clunk around the front of my car when driving it. Was told by a friend it could be a bad sway bar link but...,sway,C:\Users\hp\Desktop\car_test\sway\sway-cut\sway_080_cut.wav,sway_subaru_legacy_2013,train
81,sway- 81,,Dodge,Charger,2019,Gas,Sedan,High,"Bumps, Driving",,"Clunking noise from rear passenger side over bumps video included [0:03, 0:06, 0:13, and 0:26]",sway,C:\Users\hp\Desktop\car_test\sway\sway-cut\sway_081_cut.wav,sway_dodge_charger_2019,train
82,sway- 82,,Unknown,Unknown,Unknown,Unknown,Unknown,Medium,Unknown,,"Strut bearing?, sway bar?, tie rods? Need help and if fixing it is even worth it",sway,C:\Users\hp\Desktop\car_test\sway\sway-cut\sway_082_cut.wav,__unique_sway_677,train
83,sway- 83,,Unknown,Unknown,Unknown,Unknown,Unknown,Medium,Unknown,,Does this sound like rear sway bar links? They are also sitting at a very wild angle,sway,C:\Users\hp\Desktop\car_test\sway\sway-cut\sway_083_cut.wav,__unique_sway_678,train
84,sway- 84,,Unknown,Unknown,Unknown,Unknown,Unknown,High,Unknown,,Hear a clunking sound from the rear when going over manholes and bumpy roads. Both sides have the same amount of play but the front has no...,sway,C:\Users\hp\Desktop\car_test\sway\sway-cut\sway_084_cut.wav,__unique_sway_679,train
85,sway- 85,,Kia,Amanti,2004,Gas,Unknown,High,Turning,,Can anybody diagnose this sound in the video?,sway,C:\Users\hp\Desktop\car_test\sway\sway-cut\sway_085_cut.wav,sway_kia_amanti_2004,test
86,sway- 86,,Honda,civic,2002,Gas,Sedan,High,Turning,,Honda making clunking sound when turning,sway,C:\Users\hp\Desktop\car_test\sway\sway-cut\sway_086_cut.wav,sway_honda_civic_2002,train
87,sway- 87,,Chevrolet,Malibu,2010,Gas,Sedan,High,Turning,,"2010 Malibu V6, clunking sound when turning. Just put new tie rods on a couple months ago. I’m thinking maybe struts?",sway,C:\Users\hp\Desktop\car_test\sway\sway-cut\sway_087_cut.wav,sway_chevrolet_malibu_2010,train
88,sway- 88,,Volkswagen,golf,Unknown,Gas,Hatchback,High,Unknown,,VW golf mk6 clicking/clunking over speed bumps – found play in front left wheel (video inside). What could it be?,sway,C:\Users\hp\Desktop\car_test\sway\sway-cut\sway_088_cut.wav,__unique_sway_683,train
89,sway- 89,,Toyota,Sienna,2005,Gas,Minivan,High,Driving,,Can someone please help me diagnose this sound? 2005 Sienna awd makes a grinding/clunking sound when in motion,sway,C:\Users\hp\Desktop\car_test\sway\sway-cut\sway_089_cut.wav,sway_toyota_sienna_2005,train
90,sway- 90,,Infiniti,G35,2003,Gas,Unknown,High,Unknown,,2003 G35 Clunking Sounds from Suspension or steering,sway,C:\Users\hp\Desktop\car_test\sway\sway-cut\sway_090_cut.wav,sway_infiniti_g35_2003,train
91,sway- 91,,Nissan,rogue,2017,Gas,SUV,High,Braking,,2017 Nissan rogue clunking sound when braking,sway,C:\Users\hp\Desktop\car_test\sway\sway-cut\sway_091_cut.wav,sway_nissan_rogue_2017,train
92,sway- 92,,Unknown,Unknown,Unknown,Unknown,Unknown,Medium,Unknown,,"Sound coming from front of car(Creaking) Had the Sway Bar links replaced, Alignment done, Lower Control Arms any insight appreciated",sway,C:\Users\hp\Desktop\car_test\sway\sway-cut\sway_092_cut.wav,__unique_sway_687,train
93,sway- 93,,Unknown,Unknown,Unknown,Unknown,Unknown,High,Unknown,,"Hello. Is this sound in my control arm normal? I have a clunking noise when going over road bumps and whatnot, and I'm trying to figure out...",sway,C:\Users\hp\Desktop\car_test\sway\sway-cut\sway_093_cut.wav,__unique_sway_688,val
94,sway- 94,,BMW,128i,2008,Gas,Unknown,High,Turning,,What can this “clunking” sound be when turning the steering wheel?,sway,C:\Users\hp\Desktop\car_test\sway\sway-cut\sway_094_cut.wav,sway_bmw_128i_2008,test
95,sway- 95,,Unknown,Unknown,Unknown,Unknown,Unknown,High,Unknown,,Loud Tick and Clunky Sound Out of Nowhere (2 Videos),sway,C:\Users\hp\Desktop\car_test\sway\sway-cut\sway_095_cut.wav,__unique_sway_690,train
96,sway- 96,,Jeep,grand Cherokee,Unknown,Gas,SUV,High,Unknown,,I’ve been having a off and on clunking sound coming from the botttom of my jeep grand Cherokee,sway,C:\Users\hp\Desktop\car_test\sway\sway-cut\sway_096_cut.wav,__unique_sway_691,train
97,sway- 97,,Ford,F-150,2015,Gas,Pickup,High,Turning,,2015 F-150 – metal clunk when turning left (video),sway,C:\Users\hp\Desktop\car_test\sway\sway-cut\sway_097_cut.wav,sway_ford_f-150_2015,test
98,sway- 98,,Mazda,6,2014,Gas,Unknown,High,Bumps,,Source of this clunking sound?,sway,C:\Users\hp\Desktop\car_test\sway\sway-cut\sway_098_cut.wav,sway_mazda_6_2014,train
99,sway- 99,,Mazda,Mazda3,Unknown,Gas,Sedan,High,Unknown,,Mazda3 Gen1 Front Sway Bar Clunking,sway,C:\Users\hp\Desktop\car_test\sway\sway-cut\sway_099_cut.wav,__unique_sway_694,train
100,sway- 100,,Toyota,Camry,2012,Gas,Sedan,Medium,Unknown,,Sway Bar Links Leaking Grease - 2012 Camry SE,sway,C:\Users\hp\Desktop\car_test\sway\sway-cut\sway_0100_cut.wav,sway_toyota_camry_2012,train
101,sway- 101,,Prius,Unknown,2015,Hybrid,Unknown,Medium,Unknown,,"Torn front sway bar links, have to take long drive. Is it safe?",sway,C:\Users\hp\Desktop\car_test\sway\sway-cut\sway_0101_cut.wav,__unique_sway_696,train
102,sway- 102,,Ram,1500,Unknown,Gas,Pickup,High,Unknown,,RAM 1500 clunking sound,sway,C:\Users\hp\Desktop\car_test\sway\sway-cut\sway_0102_cut.wav,__unique_sway_697,train
103,sway- 103,,Unknown,Unknown,2005,Unknown,Unknown,High,Unknown,,Steering clunking sound,sway,C:\Users\hp\Desktop\car_test\sway\sway-cut\sway_0103_cut.wav,__unique_sway_698,val
104,sway- 104,,Unknown,Unknown,Unknown,Unknown,Unknown,High,Driving,,Clunking Sound 13’ CamrySE,sway,C:\Users\hp\Desktop\car_test\sway\sway-cut\sway_0104_cut.wav,__unique_sway_699,train
105,sway- 105,,Hyundai,Elantra,2013,Gas,Sedan,High,Bumps,,Isolated clunking sound right passenger worse over bumps,sway,C:\Users\hp\Desktop\car_test\sway\sway-cut\sway_0105_cut.wav,sway_hyundai_elantra_2013,train
106,sway- 106,,Honda,accord,2014,Gas,Sedan,High,Unknown,,Honda accord 2014 sport clunking noise? Sounds like plastic inside?,sway,C:\Users\hp\Desktop\car_test\sway\sway-cut\sway_0106_cut.wav,sway_honda_accord_2014,test
107,sway- 107,,Volkswagen,Jetta,2010,Gas,Sedan,High,Turning,,2010 VW Jetta loud groaning sound followed by louder clunk when turning or straightening steering wheel?,sway,C:\Users\hp\Desktop\car_test\sway\sway-cut\sway_0107_cut.wav,sway_volkswagen_jetta_2010,test
108,sway- 108,,Volkswagen,Tiguan,Unknown,Gas,SUV,High,Unknown,,Clunking sound in ‘12 Tiguan,sway,C:\Users\hp\Desktop\car_test\sway\sway-cut\sway_0108_cut.wav,__unique_sway_703,train
109,sway- 109,,Unknown,Unknown,Unknown,Unknown,Unknown,Medium,Unknown,,Rear suspension noise *urgently need any advice/guidance* - sound in video,sway,C:\Users\hp\Desktop\car_test\sway\sway-cut\sway_0109_cut.wav,__unique_sway_704,test
110,sway- 110,,Ford,focus,2008,Gas,Hatchback,Medium,Unknown,,Sway bar hitting knuckle,sway,C:\Users\hp\Desktop\car_test\sway\sway-cut\sway_0110_cut.wav,sway_ford_focus_2008,train
111,sway- 111,,Unknown,Unknown,2019,Unknown,Unknown,High,Low speed,,Clunking sound coming from brakes,sway,C:\Users\hp\Desktop\car_test\sway\sway-cut\sway_0111_cut.wav,__unique_sway_706,train
112,sway- 112,,Unknown,Unknown,Unknown,Unknown,Unknown,High,Accelerating,,Clunking sound when accelerating,sway,C:\Users\hp\Desktop\car_test\sway\sway-cut\sway_0112_cut.wav,__unique_sway_707,val
113,sway- 113,,Unknown,Unknown,Unknown,Unknown,Unknown,Medium,Unknown,,Does this sway bar end link need replacing or just tightening?,sway,C:\Users\hp\Desktop\car_test\sway\sway-cut\sway_0113_cut.wav,__unique_sway_708,train
114,sway- 114,,Unknown,Unknown,Unknown,Unknown,Unknown,Medium,Bumps,,Need help with suspension sound,sway,C:\Users\hp\Desktop\car_test\sway\sway-cut\sway_0114_cut.wav,__unique_sway_709,train
115,sway- 115,,Unknown,Unknown,Unknown,Unknown,Unknown,Medium,Unknown,,Changed sway bar end links and doesn’t seem to fix the thumping sound,sway,C:\Users\hp\Desktop\car_test\sway\sway-cut\sway_0115_cut.wav,__unique_sway_710,train
116,sway- 116,,Mazda,6,2003,Gas,Wagon,High,"Turning, Bumps",,Knock/clunk sound from steering column,sway,C:\Users\hp\Desktop\car_test\sway\sway-cut\sway_0116_cut.wav,sway_mazda_6_2003,train
117,sway- 117,,Toyota,Tacoma,2019,Gas,Pickup,High,Unknown,,Tacoma making clunk sound,sway,C:\Users\hp\Desktop\car_test\sway\sway-cut\sway_0117_cut.wav,sway_toyota_tacoma_2019,train
118,sway- 118,,Ford,Transit,2019,Gas,Van,High,Unknown,,"Ford Transit 2019 - Changing gear from 3rd to 4th (also from 5th to 4th) makes a crunch/clunk sound, other gear changes are silent",sway,C:\Users\hp\Desktop\car_test\sway\sway-cut\sway_0118_cut.wav,sway_ford_transit_2019,val
119,sway- 119,,Genesis,G70 3,Unknown,Gas,Unknown,High,Unknown,,22 Genesis G70 3.3T - Squeaking / clunking front suspension,sway,C:\Users\hp\Desktop\car_test\sway\sway-cut\sway_0119_cut.wav,__unique_sway_714,train
120,sway- 120,,Unknown,Unknown,2005,Unknown,Unknown,High,Unknown,,2005 Liberty suspension clunk,sway,C:\Users\hp\Desktop\car_test\sway\sway-cut\sway_0120_cut.wav,__unique_sway_715,val
121,sway- 121,,GMC,Jimmy in,1999,Gas,Unknown,High,Turning,,"Clunking noise from right front when turning and going at an angle or hitting a bump. When lifted, a grinding noise that has since...",sway,C:\Users\hp\Desktop\car_test\sway\sway-cut\sway_0121_cut.wav,sway_gmc_jimmy in_1999,train
122,sway- 122,,Unknown,Unknown,Unknown,Unknown,Unknown,High,Unknown,,Front end clunking when cold in the morning,sway,C:\Users\hp\Desktop\car_test\sway\sway-cut\sway_0122_cut.wav,__unique_sway_717,train
123,sway- 123,,Honda,Odyssey,2008,Gas,Minivan,Medium,Unknown,,Creaking coming from front passenger suspension,sway,C:\Users\hp\Desktop\car_test\sway\sway-cut\sway_0123_cut.wav,sway_honda_odyssey_2008,train
124,sway- 124,,Honda,Odyssey,2004,Gas,Minivan,High,Bumps,,Suspension clunk,sway,C:\Users\hp\Desktop\car_test\sway\sway-cut\sway_0124_cut.wav,sway_honda_odyssey_2004,test
125,sway- 125,,Audi,A4,Unknown,Gas,Sedan,High,Bumps,,Weird clunking after front end rebuild on Audi A4 B8 3.2 FSI Need help diagnosing!,sway,C:\Users\hp\Desktop\car_test\sway\sway-cut\sway_0125_cut.wav,__unique_sway_720,train
126,sway- 126,,Subaru,legacy,2012,Gas,Sedan,High,Unknown,,Clunk from front passenger side 2012 subaru legacy,sway,C:\Users\hp\Desktop\car_test\sway\sway-cut\sway_0126_cut.wav,sway_subaru_legacy_2012,train
127,sway- 127,,Dodge,Caravan,2022,Gas,Van,High,Highway speed,,Clunking noise from rear right suspension on 2022 Chrysler Grand Caravan,sway,C:\Users\hp\Desktop\car_test\sway\sway-cut\sway_0127_cut.wav,sway_dodge_caravan_2022,test
128,sway- 128,,Unknown,Unknown,Unknown,Unknown,Unknown,High,Bumps,,Clunking noise coming from front suspension,sway,C:\Users\hp\Desktop\car_test\sway\sway-cut\sway_0128_cut.wav,__unique_sway_723,test
129,sway- 129,,Unknown,Unknown,2010,Unknown,Unknown,High,Low speed,,Front (right) suspension noise,sway,C:\Users\hp\Desktop\car_test\sway\sway-cut\sway_0129_cut.wav,__unique_sway_724,train
130,sway- 130,,Volkswagen,passat,Unknown,Gas,Sedan,High,Driving,,VW passat has this awful clunking noise coming from the front left wheel while driving,sway,C:\Users\hp\Desktop\car_test\sway\sway-cut\sway_0130_cut.wav,__unique_sway_725,train
131,sway- 131,,Unknown,Unknown,Unknown,Unknown,Unknown,High,Bumps,,Clunking noise from front when going over bumps/rough road,sway,C:\Users\hp\Desktop\car_test\sway\sway-cut\sway_0131_cut.wav,__unique_sway_726,test
132,sway- 132,,Jeep,Compass,Unknown,Gas,SUV,High,Driving,,Front diff clunking :( 08 Compass,sway,C:\Users\hp\Desktop\car_test\sway\sway-cut\sway_0132_cut.wav,__unique_sway_727,train
133,sway- 133,,Unknown,Unknown,Unknown,Unknown,Unknown,High,Driving,,Weird click/clunk from front shocks,sway,C:\Users\hp\Desktop\car_test\sway\sway-cut\sway_0133_cut.wav,__unique_sway_728,train
134,sway- 134,,Unknown,Unknown,Unknown,Unknown,Unknown,High,Unknown,,"I've been hearing this clunking noise when there's bumps on the road. Hear it on the right side, sometimes front right, but most noticeable...",sway,C:\Users\hp\Desktop\car_test\sway\sway-cut\sway_0134_cut.wav,__unique_sway_729,train
135,sway- 135,,Acura,RDX,Unknown,Gas,SUV,High,Unknown,,Suspension clunk over small fast bumps,sway,C:\Users\hp\Desktop\car_test\sway\sway-cut\sway_0135_cut.wav,__unique_sway_730,train
136,sway- 136,,Honda,Civic,2011,Gas,Sedan,High,Unknown,,"What could this clunking noise be when pushing on the wheel at 12 O’Clock. I’ve replaced literally every front en suspension part, and...",sway,C:\Users\hp\Desktop\car_test\sway\sway-cut\sway_0136_cut.wav,sway_honda_civic_2011,train
137,sway- 137,,Scion,Tc,2015,Gas,Unknown,High,Bumps,,Front Suspension Clunking Noise Help??,sway,C:\Users\hp\Desktop\car_test\sway\sway-cut\sway_0137_cut.wav,sway_scion_tc_2015,train
138,sway- 138,,Cadillac,ATS 2,2013,Gas,Unknown,High,"Low speed, Driving",,Noise from front suspension?,sway,C:\Users\hp\Desktop\car_test\sway\sway-cut\sway_0138_cut.wav,sway_cadillac_ats 2_2013,test
139,sway- 139,,Ford,Explorer,2014,Gas,SUV,High,Bumps,,Front end clunk when wheels kicked or over bumps,sway,C:\Users\hp\Desktop\car_test\sway\sway-cut\sway_0139_cut.wav,sway_ford_explorer_2014,train
140,sway- 140,,Audi,TT 225,2000,Gas,Unknown,High,Unknown,,What’s wrong with my suspension,sway,C:\Users\hp\Desktop\car_test\sway\sway-cut\sway_0140_cut.wav,sway_audi_tt 225_2000,train
141,sway- 141,,Unknown,Unknown,Unknown,Unknown,Unknown,High,Bumps,,Mystery liquid,sway,C:\Users\hp\Desktop\car_test\sway\sway-cut\sway_0141_cut.wav,__unique_sway_736,test
142,sway- 142,,Audi,S5,2018,Gas,Unknown,High,Driving,,Clunking noise going over speedbumps or potholes,sway,C:\Users\hp\Desktop\car_test\sway\sway-cut\sway_0142_cut.wav,sway_audi_s5_2018,train
144,sway- 144,,Nissan,Frontier,2004,Gas,Pickup,High,Unknown,,Change in sound about 1 month after having new headers installed,sway,C:\Users\hp\Desktop\car_test\sway\sway-cut\sway_0144_cut.wav,sway_nissan_frontier_2004,val
145,sway- 145,,Unknown,Unknown,Unknown,Unknown,Unknown,High,Unknown,,Am I overreacting?,sway,C:\Users\hp\Desktop\car_test\sway\sway-cut\sway_0145_cut.wav,__unique_sway_739,train
146,sway- 146,,Subaru,Outback,2017,Gas,Wagon,Medium,Unknown,,Creaking/Popping from 2017 Outback,sway,C:\Users\hp\Desktop\car_test\sway\sway-cut\sway_0146_cut.wav,sway_subaru_outback_2017,train
147,sway- 147,,Ford,Escape,2016,Gas,SUV,Low,Unknown,,2016 Ford Escape hearing this noise whenever I hit a bump or pothole. Also sometimes when I’m slowing down to a red light,sway,C:\Users\hp\Desktop\car_test\sway\sway-cut\sway_0147_cut.wav,sway_ford_escape_2016,val
148,sway- 148,,Ford,250,2012,Gas,Unknown,High,"Bumps, Driving",,"I think this is the tie rod, Is this safe to drive?",sway,C:\Users\hp\Desktop\car_test\sway\sway-cut\sway_0148_cut.wav,sway_ford_250_2012,train
149,sway- 149,,Honda,civic,2003,Gas,Sedan,Low,Unknown,,Can someone help me identify what this faint whistling/squeaking sound could be? You have to listen close to hear,sway,C:\Users\hp\Desktop\car_test\sway\sway-cut\sway_0149_cut.wav,sway_honda_civic_2003,test
150,sway- 150,,Unknown,Unknown,Unknown,Unknown,Unknown,High,Unknown,,Guys is my driverside sway bar link and outer turn rod are loose as hell pretty sure they are they bad? Also could either of these be the...,sway,C:\Users\hp\Desktop\car_test\sway\sway-cut\sway_0150_cut.wav,__unique_sway_744,val
151,sway- 151,,Unknown,Unknown,Unknown,Unknown,Unknown,Medium,Unknown,,"Need help finding out what this creaking noise is , does it on both sides , ive already replaced strut and springs on both sides and also...",sway,C:\Users\hp\Desktop\car_test\sway\sway-cut\sway_0151_cut.wav,__unique_sway_745,train
152,sway- 152,,Unknown,Unknown,Unknown,Unknown,Unknown,Medium,Unknown,,Going to replace the sway bar bushings as this isn’t normal right? More in comments,sway,C:\Users\hp\Desktop\car_test\sway\sway-cut\sway_0152_cut.wav,__unique_sway_746,test
153,sway- 153,,Unknown,Unknown,Unknown,Unknown,Unknown,Medium,Driving,,"Squeaking noise while driving? I've replaced both the sway bar links as they had shown obvious signs of wear. Other than that, I can't seem...",sway,C:\Users\hp\Desktop\car_test\sway\sway-cut\sway_0153_cut.wav,__unique_sway_747,val
154,sway- 154,,Lincoln,MKZ,2008,Gas,Sedan,Medium,Unknown,,Hello my name is Bryan I have a 2008 Lincoln MKZ anyone that can help me out on know what’s the noise I’m not sure if it’s the upper and...,sway,C:\Users\hp\Desktop\car_test\sway\sway-cut\sway_0154_cut.wav,sway_lincoln_mkz_2008,train
155,sway- 155,,Honda,CR-V,2004,Gas,SUV,Medium,Unknown,,2004 Honda CR-V AWD 160k miles. Is the U-joint for my rear propeller shaft/differential in need of replacement? I hear a click when...,sway,C:\Users\hp\Desktop\car_test\sway\sway-cut\sway_0155_cut.wav,sway_honda_cr-v_2004,train
156,sway- 156,,Unknown,Unknown,Unknown,Unknown,Unknown,Medium,Unknown,,"A rattling noise appeared every time I drive through bumps a couple of weeks ago, but because of my bad hearing can’t pin point the origin....",sway,C:\Users\hp\Desktop\car_test\sway\sway-cut\sway_0156_cut.wav,__unique_sway_750,train
157,sway- 157,,Unknown,Unknown,Unknown,Unknown,Unknown,Medium,Unknown,,Possible sway bar link noise but cant find play. What could this noise be?!,sway,C:\Users\hp\Desktop\car_test\sway\sway-cut\sway_0157_cut.wav,__unique_sway_751,train
158,sway- 158,,Volvo,XC90,Unknown,Gas,Unknown,Medium,Braking,,VOLVO XC90. What would cause this noise? I've checked Lower control arms - NEW. Sway bar links - NEW. Lower ball joints - Good still tight....,sway,C:\Users\hp\Desktop\car_test\sway\sway-cut\sway_0158_cut.wav,__unique_sway_752,train
159,sway- 159,,Unknown,Unknown,Unknown,Unknown,Unknown,Medium,Unknown,,"Driver front side making weird noise, could be tire related. Maybe sway bar? Not sure, what do you guys think?",sway,C:\Users\hp\Desktop\car_test\sway\sway-cut\sway_0159_cut.wav,__unique_sway_753,test
160,sway- 160,,Subaru,Forester,2003,Gas,SUV,High,Unknown,,"Here’s a follow up video to my rattle and clunking 2003 Forester - the sway bar links look good, but there’s some movement in the tie rod...",sway,C:\Users\hp\Desktop\car_test\sway\sway-cut\sway_0160_cut.wav,sway_subaru_forester_2003,train
161,sway- 161,,Mazda,RX8,2006,Gas,Unknown,High,Unknown,,"2006 Mazda RX8: Just put new springs all around and shocks in the rear and it’s making this clunking, banging, thumping noise. Some of the...",sway,C:\Users\hp\Desktop\car_test\sway\sway-cut\sway_0161_cut.wav,sway_mazda_rx8_2006,train
162,sway- 162,,Toyota,4Runner,2010,Gas,Unknown,High,Bumps,,2010 4Runner 300k miles,sway,C:\Users\hp\Desktop\car_test\sway\sway-cut\sway_0162_cut.wav,sway_toyota_4runner_2010,test
163,sway- 163,,Unknown,Unknown,Unknown,Unknown,Unknown,High,Unknown,,Wheel moves forward to backward when torquing. Just replaced the wheel bearing & struts & sway bar links. There is a slight knocking noise...,sway,C:\Users\hp\Desktop\car_test\sway\sway-cut\sway_0163_cut.wav,__unique_sway_757,train
164,sway- 164,,Ram,1500,2012,Gas,Pickup,Medium,Turning,,2012 ram 1500. Making a popping noise when I turn the wheel. Typically only happens if it’s a hard turn or After I ’m turning the wheel...,sway,C:\Users\hp\Desktop\car_test\sway\sway-cut\sway_0164_cut.wav,sway_ram_1500_2012,train
165,sway- 165,,Mazda,3,2004,Gas,Unknown,Medium,Unknown,,The rear sway bar didn’t even have a bolt mounted on it. So we got new bolts and we got the sway bar brackets firm. This sound is still...,sway,C:\Users\hp\Desktop\car_test\sway\sway-cut\sway_0165_cut.wav,sway_mazda_3_2004,test
166,sway- 166,,Mercedes,C180,1997,Gas,Unknown,High,Unknown,,Mercedes C180 1997 suspension troubleshooting,sway,C:\Users\hp\Desktop\car_test\sway\sway-cut\sway_0166_cut.wav,sway_mercedes_c180_1997,test
167,sway- 167,,Jeep,Cherokee,2018,Gas,SUV,High,"Bumps, Driving",,Clunking noise coming from from suspension area?,sway,C:\Users\hp\Desktop\car_test\sway\sway-cut\sway_0167_cut.wav,sway_jeep_cherokee_2018,train
168,sway- 168,,Unknown,Unknown,Unknown,Unknown,Unknown,High,Bumps,,Passenger Side Suspension “Hollow Clunk/Rattle”,sway,C:\Users\hp\Desktop\car_test\sway\sway-cut\sway_0168_cut.wav,__unique_sway_762,test
169,sway- 169,,Unknown,Unknown,Unknown,Unknown,Unknown,High,Unknown,,This metal clunk sound always happens when I come to a stop. You can hear it in this video. It can be hard to hear but you can catch it if...,sway,C:\Users\hp\Desktop\car_test\sway\sway-cut\sway_0169_cut.wav,__unique_sway_763,train
170,sway- 170,,Unknown,Unknown,Unknown,Unknown,Unknown,High,Unknown,,I need help badly🥲,sway,C:\Users\hp\Desktop\car_test\sway\sway-cut\sway_0170_cut.wav,__unique_sway_764,train
171,sway- 171,,Unknown,Unknown,Unknown,Unknown,Unknown,High,Driving,,Would you drive this to the shop?,sway,C:\Users\hp\Desktop\car_test\sway\sway-cut\sway_0171_cut.wav,__unique_sway_765,train
172,sway- 172,,Mazda,6,2007,Gas,Unknown,High,Turning,,Is this different completely junk?,sway,C:\Users\hp\Desktop\car_test\sway\sway-cut\sway_0172_cut.wav,sway_mazda_6_2007,test
173,sway- 173,,Hyundai,Santa Fe,2013,Gas,SUV,High,Unknown,,Clunking noise from under my 2013 Hyundai Santa Fe XL (AWD not working),sway,C:\Users\hp\Desktop\car_test\sway\sway-cut\sway_0173_cut.wav,sway_hyundai_santa fe_2013,train
174,sway- 174,,Ford,explorer,Unknown,Gas,SUV,High,Unknown,,still getting grinding and thudding. 03 explorer,sway,C:\Users\hp\Desktop\car_test\sway\sway-cut\sway_0174_cut.wav,__unique_sway_768,train
175,sway- 175,,BMW,X3,2011,Gas,SUV,High,Driving,,BMW X3 suspension noise 2011 f25,sway,C:\Users\hp\Desktop\car_test\sway\sway-cut\sway_0175_cut.wav,sway_bmw_x3_2011,val
176,sway- 176,,Mazda,6 GH,2010,Gas,Unknown,High,Unknown,,Steering rack clunk,sway,C:\Users\hp\Desktop\car_test\sway\sway-cut\sway_0176_cut.wav,sway_mazda_6 gh_2010,train
177,sway- 177,,Toyota,Highlander,2008,Hybrid,SUV,High,Unknown,,2008 Highlander Hybrid AWD – mid-speed vibration and clunk that won’t go away,sway,C:\Users\hp\Desktop\car_test\sway\sway-cut\sway_0177_cut.wav,sway_toyota_highlander_2008,train
178,sway- 178,,Volkswagen,Golf,2001,Gas,Hatchback,High,Braking,,Clunk noise when braking at slow speed,sway,C:\Users\hp\Desktop\car_test\sway\sway-cut\sway_0178_cut.wav,sway_volkswagen_golf_2001,train
179,sway- 179,,Toyota,Prius,2010,Hybrid,Hatchback,High,Braking,,Clunking noise from passenger side when hiring small bumps,sway,C:\Users\hp\Desktop\car_test\sway\sway-cut\sway_0179_cut.wav,sway_toyota_prius_2010,train
180,sway- 180,,Ford,Mustang,2021,Gas,Coupe,High,Unknown,,Strange clunking noise in Mustang GT when going over dips — any ideas?,sway,C:\Users\hp\Desktop\car_test\sway\sway-cut\sway_0180_cut.wav,sway_ford_mustang_2021,train
181,sway- 181,,Saturn,vue,2006,Gas,Unknown,High,Low speed,,Bad inner tie rods?,sway,C:\Users\hp\Desktop\car_test\sway\sway-cut\sway_0181_cut.wav,sway_saturn_vue_2006,train
182,sway- 182,,Unknown,Unknown,Unknown,Unknown,Unknown,High,Unknown,,Why does my steering clunk when I hit bumps or turn my wheel,sway,C:\Users\hp\Desktop\car_test\sway\sway-cut\sway_0182_cut.wav,__unique_sway_776,val
183,sway- 183,,Kia,Optima,2013,Gas,Sedan,High,Bumps,,"2013 Kia Optima (250,000 miles) Steering Clunk Impossible To Get Rid Of",sway,C:\Users\hp\Desktop\car_test\sway\sway-cut\sway_0183_cut.wav,sway_kia_optima_2013,train
184,sway- 184,,Honda,Accord,2012,Gas,Sedan,High,Accelerating,,How bad are my CV axles?,sway,C:\Users\hp\Desktop\car_test\sway\sway-cut\sway_0184_cut.wav,sway_honda_accord_2012,train
185,sway- 185,,Toyota,Camry,2004,Gas,Sedan,High,Unknown,,"Is this much play in my axle okay, or should I replace?",sway,C:\Users\hp\Desktop\car_test\sway\sway-cut\sway_0185_cut.wav,sway_toyota_camry_2004,test
186,sway- 186,,Suzuki,Swift,2011,Gas,Unknown,High,Turning,,Suzuki Swift 2011 strange noice,sway,C:\Users\hp\Desktop\car_test\sway\sway-cut\sway_0186_cut.wav,sway_suzuki_swift_2011,train
187,sway- 187,,Unknown,Unknown,Unknown,Unknown,Unknown,High,"Turning, Low speed",,Tie rod clunk?,sway,C:\Users\hp\Desktop\car_test\sway\sway-cut\sway_0187_cut.wav,__unique_sway_781,train
188,sway- 188,,Jeep,compass,2020,Gas,SUV,High,Unknown,,Random clunk?,sway,C:\Users\hp\Desktop\car_test\sway\sway-cut\sway_0188_cut.wav,sway_jeep_compass_2020,train
189,sway- 189,,Toyota,RAV-4,Unknown,Gas,Unknown,High,Driving,,"Wheel clunk in neighborhood roads…? (‘05 TOYOTA RAV-4, 110k)",sway,C:\Users\hp\Desktop\car_test\sway\sway-cut\sway_0189_cut.wav,__unique_sway_783,val
190,sway- 190,,Unknown,Unknown,Unknown,Unknown,Unknown,High,Unknown,,Need help identifying possible sources of front end clanging,sway,C:\Users\hp\Desktop\car_test\sway\sway-cut\sway_0190_cut.wav,__unique_sway_784,train
191,sway- 191,,Hyundai,Santa Fe,2011,Gas,SUV,High,Unknown,,Confirm worn CV axle help?,sway,C:\Users\hp\Desktop\car_test\sway\sway-cut\sway_0191_cut.wav,sway_hyundai_santa fe_2011,train
192,sway- 192,,Ford,Focus,2002,Gas,Wagon,Medium,Bumps,,Strange rattle/creak when going over bumps,sway,C:\Users\hp\Desktop\car_test\sway\sway-cut\sway_0192_cut.wav,sway_ford_focus_2002,train
193,sway- 193,,Nissan,Rogue,2012,Gas,SUV,High,Unknown,,Is this too much play?,sway,C:\Users\hp\Desktop\car_test\sway\sway-cut\sway_0193_cut.wav,sway_nissan_rogue_2012,train
194,sway- 194,,Volvo,XC90 2,Unknown,Gas,Unknown,High,Turning,,Driveshaft play - normal?,sway,C:\Users\hp\Desktop\car_test\sway\sway-cut\sway_0194_cut.wav,__unique_sway_788,test
195,sway- 195,,Chevrolet,Equinox,2013,Gas,SUV,High,Driving,,Trying to diagnose noise from front right wheel area,sway,C:\Users\hp\Desktop\car_test\sway\sway-cut\sway_0195_cut.wav,sway_chevrolet_equinox_2013,train
196,sway- 196,,Honda,accord,2013,Gas,Sedan,High,Bumps,,2013 honda accord ex clunking noise,sway,C:\Users\hp\Desktop\car_test\sway\sway-cut\sway_0196_cut.wav,sway_honda_accord_2013,train
197,sway- 197,,Unknown,Unknown,2001,Unknown,Unknown,High,Unknown,,Small Misfire(?) YS3D,sway,C:\Users\hp\Desktop\car_test\sway\sway-cut\sway_0197_cut.wav,__unique_sway_791,test
198,sway- 198,,Lexus,IS350,2016,Gas,Unknown,High,Unknown,,What could this clunking noise be?,sway,C:\Users\hp\Desktop\car_test\sway\sway-cut\sway_0198_cut.wav,sway_lexus_is350_2016,val
199,sway- 199,,Audi,A4,Unknown,Gas,Sedan,High,Accelerating,,'10 Audi A4 b8 6spd manual,sway,C:\Users\hp\Desktop\car_test\sway\sway-cut\sway_0199_cut.wav,__unique_sway_793,train
200,sway- 200,,Subaru,Outback,2012,Gas,Wagon,High,Unknown,,2012 Outback - CLUNK!,sway,C:\Users\hp\Desktop\car_test\sway\sway-cut\sway_0200_cut.wav,sway_subaru_outback_2012,test
201,sway- 201,,Nissan,versa,2011,Gas,Hatchback,High,Unknown,,Can you tell me what this noise may be? 🥺,sway,C:\Users\hp\Desktop\car_test\sway\sway-cut\sway_0201_cut.wav,sway_nissan_versa_2011,train
202,sway- 202,,Toyota,Corolla,2006,Gas,Sedan,High,Unknown,,2006 Corolla LE suspension,sway,C:\Users\hp\Desktop\car_test\sway\sway-cut\sway_0202_cut.wav,sway_toyota_corolla_2006,train
203,sway- 203,,Unknown,Unknown,Unknown,Unknown,Unknown,High,Unknown,,Anyone know if this is timing chain or rod knock? 07 350z hr sounds coming from front of engine no check engine,sway,C:\Users\hp\Desktop\car_test\sway\sway-cut\sway_0203_cut.wav,__unique_sway_797,train
204,sway- 204,,Unknown,Unknown,Unknown,Unknown,Unknown,High,Unknown,,is this sound normal? Click/clunk noise when releasing brake pedal after rear brake pad replacement (EPB),sway,C:\Users\hp\Desktop\car_test\sway\sway-cut\sway_0204_cut.wav,__unique_sway_798,val
205,sway- 205,,Honda,pilot,2012,Gas,SUV,High,Unknown,,"What would cause this clunking sound? 2012 honda pilot 140K miles. I recently replaced lower control arm, axle cv tie rod end on the left...",sway,C:\Users\hp\Desktop\car_test\sway\sway-cut\sway_0205_cut.wav,sway_honda_pilot_2012,train
206,sway- 206,,Ford,f150,2013,Gas,Pickup,High,Driving,,Clunking/grinding noise coming from front wheel,sway,C:\Users\hp\Desktop\car_test\sway\sway-cut\sway_0206_cut.wav,sway_ford_f150_2013,train
207,sway- 207,,Ram,2500 6,2015,Gas,Unknown,Medium,Unknown,,2015 ram 2500 6.7L front end clanking,sway,C:\Users\hp\Desktop\car_test\sway\sway-cut\sway_0207_cut.wav,sway_ram_2500 6_2015,train
208,sway- 208,,Audi,A4,2018,Gas,Sedan,High,Low speed,,Whats this clunking/grinding sound when I turn the wheel to the left?,sway,C:\Users\hp\Desktop\car_test\sway\sway-cut\sway_0208_cut.wav,sway_audi_a4_2018,test
209,sway- 209,,Mazda,cx5,2016,Gas,SUV,Medium,Unknown,,2016 Mazda cx5. Metallic rattle in front end,sway,C:\Users\hp\Desktop\car_test\sway\sway-cut\sway_0209_cut.wav,sway_mazda_cx5_2016,val
210,sway- 210,,Ford,F150,2021,Gas,Pickup,High,Unknown,,Truck is a 2021 F150 3.5l - When truck is put in reverse it makes a clunk sound - but drives perfect,sway,C:\Users\hp\Desktop\car_test\sway\sway-cut\sway_0210_cut.wav,sway_ford_f150_2021,train
211,sway- 211,,Subaru,legacy,2013,Gas,Sedan,Medium,Unknown,,Help w/ this sound (Drivers side front),sway,C:\Users\hp\Desktop\car_test\sway\sway-cut\sway_0211_cut.wav,sway_subaru_legacy_2013,train
212,sway- 212,,Unknown,Unknown,Unknown,Unknown,Unknown,Low,Unknown,,"Hit a pothole, front end now sounds like wooden blocks hitting each other",sway,C:\Users\hp\Desktop\car_test\sway\sway-cut\sway_0212_cut.wav,__unique_sway_806,train
213,sway- 213,,Unknown,Unknown,Unknown,Unknown,Unknown,Low,Driving,,Looking for advice — persistent front-end noise despite multiple repairs,sway,C:\Users\hp\Desktop\car_test\sway\sway-cut\sway_0213_cut.wav,__unique_sway_807,train
214,sway- 214,,Unknown,Unknown,Unknown,Unknown,Unknown,High,Driving,,Strange tapping noise at front end of car when driving at interstate speeds?,sway,C:\Users\hp\Desktop\car_test\sway\sway-cut\sway_0214_cut.wav,__unique_sway_808,train
215,sway- 215,,BMW,435i,2014,Gas,Unknown,High,"Bumps, Low speed",,Clunking noise on 2014 BMW 435i; happened after installing coilovers and front end links,sway,C:\Users\hp\Desktop\car_test\sway\sway-cut\sway_0215_cut.wav,sway_bmw_435i_2014,train
216,sway- 216,,Honda,CRV,2010,Gas,SUV,Medium,Bumps,,Rattle coming from front end. What could be causing it (please listen to video),sway,C:\Users\hp\Desktop\car_test\sway\sway-cut\sway_0216_cut.wav,sway_honda_crv_2010,train
217,sway- 217,,Mazda,RX-8,2005,Gas,Unknown,Medium,Bumps,,Squeaking/Creaking in Front End,sway,C:\Users\hp\Desktop\car_test\sway\sway-cut\sway_0217_cut.wav,sway_mazda_rx-8_2005,test
218,sway- 218,,Chevrolet,sonic LT,2017,Gas,Unknown,High,"Bumps, Driving",,2017 chevy sonic LT rear end rattle / clunk,sway,C:\Users\hp\Desktop\car_test\sway\sway-cut\sway_0218_cut.wav,sway_chevrolet_sonic lt_2017,val
219,sway- 219,,Subaru,Forester,Unknown,Gas,SUV,Medium,"Turning, Low speed",,Subaru Forester front end clicking noise: HELP!?,sway,C:\Users\hp\Desktop\car_test\sway\sway-cut\sway_0219_cut.wav,__unique_sway_813,val
220,sway- 220,,Ford,focus,2018,Gas,Hatchback,Medium,"Turning, Low speed",,Popping sounds from front end wheel,sway,C:\Users\hp\Desktop\car_test\sway\sway-cut\sway_0220_cut.wav,sway_ford_focus_2018,val
221,sway- 221,,Acura,tl,2004,Gas,Sedan,High,Unknown,,Clunking/Cracking sound coming from front wheels,sway,C:\Users\hp\Desktop\car_test\sway\sway-cut\sway_0221_cut.wav,sway_acura_tl_2004,train
222,sway- 222,,Unknown,Unknown,Unknown,Unknown,Unknown,Medium,Unknown,,Chain like sound from front end?,sway,C:\Users\hp\Desktop\car_test\sway\sway-cut\sway_0222_cut.wav,__unique_sway_816,train
223,sway- 223,,Mazda,CX-50,2024,Gas,SUV,High,Unknown,,Anyone know what this high pitched cyclical chirping sound might be coming from my front end? 2024 Mazda CX-50 50k miles 2.5l Non-turbo,sway,C:\Users\hp\Desktop\car_test\sway\sway-cut\sway_0223_cut.wav,sway_mazda_cx-50_2024,train
224,sway- 224,,Honda,Accord,2016,Gas,Sedan,Medium,Unknown,,Accord 2016 v6 front end noise at speed,sway,C:\Users\hp\Desktop\car_test\sway\sway-cut\sway_0224_cut.wav,sway_honda_accord_2016,train
225,sway- 225,,Unknown,Unknown,Unknown,Unknown,Unknown,High,Low speed,,(I think) front right wheel area is making this weird sound when I turn at low speed,sway,C:\Users\hp\Desktop\car_test\sway\sway-cut\sway_0225_cut.wav,__unique_sway_819,train
226,sway- 226,,Toyota,Tacoma,2008,Gas,Pickup,High,Driving,,Is this sound from cv axle or front differential?,sway,C:\Users\hp\Desktop\car_test\sway\sway-cut\sway_0226_cut.wav,sway_toyota_tacoma_2008,test
228,sway- 228,,Buick,Lacrosse 3,2017,Gas,Unknown,Medium,Turning,,Front end squeaking,sway,C:\Users\hp\Desktop\car_test\sway\sway-cut\sway_0228_cut.wav,sway_buick_lacrosse 3_2017,train
229,sway- 229,,Unknown,Unknown,Unknown,Unknown,Unknown,High,Unknown,,"Wife’s car is being stupid, any ideas what this clunking sound is? Just replaced the rear engine mount and nothing changed",sway,C:\Users\hp\Desktop\car_test\sway\sway-cut\sway_0229_cut.wav,__unique_sway_822,train
230,sway- 230,,Chevrolet,traverse,2014,Gas,SUV,High,Unknown,,Is this a normal amount of engine movement? (Plus clunking sound),sway,C:\Users\hp\Desktop\car_test\sway\sway-cut\sway_0230_cut.wav,sway_chevrolet_traverse_2014,train
231,sway- 231,,Lexus,ES 330,2005,Gas,Unknown,Medium,Unknown,,Sound from front of engine,sway,C:\Users\hp\Desktop\car_test\sway\sway-cut\sway_0231_cut.wav,sway_lexus_es 330_2005,train
232,sway- 232,,Toyota,Tacoma,2007,Gas,Pickup,Medium,Unknown,,Tin can dragging noise coming from front end Toyata Tacoma 2007,sway,C:\Users\hp\Desktop\car_test\sway\sway-cut\sway_0232_cut.wav,sway_toyota_tacoma_2007,train
233,sway- 233,,Ram,1500,2017,Gas,Unknown,High,Driving,,Need help diagnosing growling noise from front end,sway,C:\Users\hp\Desktop\car_test\sway\sway-cut\sway_0233_cut.wav,sway_ram_1500_2017,train
234,sway- 234,,Ford,Fusion,2017,Gas,Sedan,Medium,Unknown,,This noise happened after replacing the right front end link,sway,C:\Users\hp\Desktop\car_test\sway\sway-cut\sway_0234_cut.wav,sway_ford_fusion_2017,val
235,sway- 235,,Dodge,charger,2016,Gas,Sedan,High,Unknown,,2016 charger odd grinding sound coming from front end,sway,C:\Users\hp\Desktop\car_test\sway\sway-cut\sway_0235_cut.wav,sway_dodge_charger_2016,train
236,sway- 236,,Mazda,CX-5,2019,Gas,SUV,High,Unknown,,Front end clunking when body is under torsion,sway,C:\Users\hp\Desktop\car_test\sway\sway-cut\sway_0236_cut.wav,sway_mazda_cx-5_2019,train
237,sway- 237,,Ford,escape,Unknown,Gas,SUV,Medium,Unknown,,Ford escape front end advice,sway,C:\Users\hp\Desktop\car_test\sway\sway-cut\sway_0237_cut.wav,__unique_sway_830,train
238,sway- 238,,Unknown,Unknown,Unknown,Unknown,Unknown,High,Unknown,,Clunking sound underneath,sway,C:\Users\hp\Desktop\car_test\sway\sway-cut\sway_0238_cut.wav,__unique_sway_831,train
239,sway- 239,,Ford,explorer,Unknown,Gas,SUV,High,"Low speed, Driving",,07 ford explorer clunking sound,sway,C:\Users\hp\Desktop\car_test\sway\sway-cut\sway_0239_cut.wav,__unique_sway_832,train
241,sway- 241,,Honda,Civic,2012,Gas,Sedan,High,Driving,,2012 Honda Civic (1.8 L) - front end knocking sound,sway,C:\Users\hp\Desktop\car_test\sway\sway-cut\sway_0241_cut.wav,sway_honda_civic_2012,train
242,sway- 242,,Toyota,Camry,Unknown,Gas,Sedan,High,Unknown,,Clunking from front end,sway,C:\Users\hp\Desktop\car_test\sway\sway-cut\sway_0242_cut.wav,__unique_sway_834,train
243,sway- 243,,GMC,Canyon,2016,Gas,Pickup,High,Unknown,,"Front passenger makes this clunking sound only when i’m costing forward. This sound doesn’t happen in reverse, when I brake, or when I...",sway,C:\Users\hp\Desktop\car_test\sway\sway-cut\sway_0243_cut.wav,sway_gmc_canyon_2016,val
244,sway- 244,,Jeep,compass,2018,Gas,SUV,High,Unknown,,HELP- 2018 jeep compass front end suspension,sway,C:\Users\hp\Desktop\car_test\sway\sway-cut\sway_0244_cut.wav,sway_jeep_compass_2018,train
245,sway- 245,,Toyota,Corolla,2020,Gas,Sedan,High,"Low speed, Driving",,My 2020 Toyota Corolla makes this grinding sound when driving at slow speeds. Coming from the front end,sway,C:\Users\hp\Desktop\car_test\sway\sway-cut\sway_0245_cut.wav,sway_toyota_corolla_2020,train
246,sway- 246,,Mazda,3i 2,2008,Gas,Unknown,High,Driving,,Why does my front axle sound like a Wheel of Fortune spinner?,sway,C:\Users\hp\Desktop\car_test\sway\sway-cut\sway_0246_cut.wav,sway_mazda_3i 2_2008,train
247,sway- 247,,Unknown,Unknown,2004,Unknown,Unknown,Medium,"Turning, Driving",,Front end click!,sway,C:\Users\hp\Desktop\car_test\sway\sway-cut\sway_0247_cut.wav,__unique_sway_839,val
248,sway- 248,,Chevrolet,Silverado,Unknown,Gas,Pickup,Medium,Unknown,,Weird noise coming from front end,sway,C:\Users\hp\Desktop\car_test\sway\sway-cut\sway_0248_cut.wav,__unique_sway_840,val
249,sway- 249,,Chevrolet,Cruze,2014,Gas,Sedan,High,Bumps,,Rattling sound from front end at idle and over bumps,sway,C:\Users\hp\Desktop\car_test\sway\sway-cut\sway_0249_cut.wav,sway_chevrolet_cruze_2014,train
250,sway- 250,,Toyota,Chaser,1998,Gas,Unknown,High,Unknown,,rotational clunking from front wheel,sway,C:\Users\hp\Desktop\car_test\sway\sway-cut\sway_0250_cut.wav,sway_toyota_chaser_1998,val
251,sway- 251,,Unknown,Unknown,Unknown,Unknown,Unknown,Low,Unknown,,Popping sound from front end,sway,C:\Users\hp\Desktop\car_test\sway\sway-cut\sway_0251_cut.wav,__unique_sway_843,train
252,sway- 252,,Unknown,Unknown,Unknown,Unknown,Unknown,High,Unknown,,Front end clunk—tires moving side to side,sway,C:\Users\hp\Desktop\car_test\sway\sway-cut\sway_0252_cut.wav,__unique_sway_844,train
253,sway- 253,,Unknown,Unknown,Unknown,Unknown,Unknown,High,Unknown,,Requesting Help Identifying Front End Sound,sway,C:\Users\hp\Desktop\car_test\sway\sway-cut\sway_0253_cut.wav,__unique_sway_845,train
254,sway- 254,,Unknown,Unknown,Unknown,Unknown,Unknown,High,Low speed,,Clunking/ creaking front end,sway,C:\Users\hp\Desktop\car_test\sway\sway-cut\sway_0254_cut.wav,__unique_sway_846,val
255,sway- 255,,Honda,Pilot,2017,Gas,SUV,High,Bumps,,Honda Pilot front end noise. Help!,sway,C:\Users\hp\Desktop\car_test\sway\sway-cut\sway_0255_cut.wav,sway_honda_pilot_2017,train
256,sway- 256,,Unknown,Unknown,Unknown,Unknown,Unknown,Medium,Unknown,,"Both hubcaps squeak after front end work at dealership. Took it back, dealership says, ""It's the hubcap, nothing we can do but grease it.""...",sway,C:\Users\hp\Desktop\car_test\sway\sway-cut\sway_0256_cut.wav,__unique_sway_848,test
257,sway- 257,,Ford,Explorer,2019,Gas,SUV,Low,Unknown,,2019 Ford Explorer front end sound,sway,C:\Users\hp\Desktop\car_test\sway\sway-cut\sway_0257_cut.wav,sway_ford_explorer_2019,val
258,sway- 258,,Ford,Mustang,2012,Gas,Coupe,High,"Bumps, Rough roads",,Trying to figure out what this front end clunking noise might be on my 2012 Mustang. It clunks on rough roads and over bumps/speed bumps....,sway,C:\Users\hp\Desktop\car_test\sway\sway-cut\sway_0258_cut.wav,sway_ford_mustang_2012,train
259,sway- 259,,Unknown,Unknown,Unknown,Unknown,Unknown,High,Unknown,,"Any ideas on this clunking sound? Sounds like it's coming from the front right, and intermittently",sway,C:\Users\hp\Desktop\car_test\sway\sway-cut\sway_0259_cut.wav,__unique_sway_851,train
260,sway- 260,,Unknown,Unknown,1998,Unknown,Unknown,High,Unknown,,Bad grinding/scraping sound coming from under front end of Landcruiser when going over 60kmph,sway,C:\Users\hp\Desktop\car_test\sway\sway-cut\sway_0260_cut.wav,__unique_sway_852,train
261,sway- 261,,Toyota,highlander,Unknown,Gas,SUV,Medium,Low speed,,I hate squeaking noise 09 highlander,sway,C:\Users\hp\Desktop\car_test\sway\sway-cut\sway_0261_cut.wav,__unique_sway_853,train
262,sway- 262,,Toyota,RAV4,2013,Gas,SUV,Medium,Driving,,"2013 Toyota RAV4 AWD, Squeaking noise",sway,C:\Users\hp\Desktop\car_test\sway\sway-cut\sway_0262_cut.wav,sway_toyota_rav4_2013,train
263,sway- 263,,Dodge,dakota,2011,Gas,Unknown,Medium,Unknown,,Squeak that won’t go away,sway,C:\Users\hp\Desktop\car_test\sway\sway-cut\sway_0263_cut.wav,sway_dodge_dakota_2011,train
264,sway- 264,,Volkswagen,golf,Unknown,Gas,Hatchback,High,Bumps,,Light creaking/clunking over bumps and rough roads and sometimes squeaking,sway,C:\Users\hp\Desktop\car_test\sway\sway-cut\sway_0264_cut.wav,__unique_sway_856,train
265,sway- 265,,Pontiac,Vibe,2003,Gas,Unknown,Low,Unknown,,Steering wheel shaking. I've spent over a grand trying to solve this,sway,C:\Users\hp\Desktop\car_test\sway\sway-cut\sway_0265_cut.wav,sway_pontiac_vibe_2003,train
266,sway- 266,,Honda,CR-V,2006,Gas,SUV,Low,"Low speed, Driving",,06 CRV groaning and squeaking,sway,C:\Users\hp\Desktop\car_test\sway\sway-cut\sway_0266_cut.wav,sway_honda_cr-v_2006,val
267,sway- 267,,Hyundai,sonata,2013,Gas,Sedan,Medium,"Bumps, Low speed",,What is making this noise?,sway,C:\Users\hp\Desktop\car_test\sway\sway-cut\sway_0267_cut.wav,sway_hyundai_sonata_2013,test
268,sway- 268,,Chevrolet,Malibu,2017,Gas,Sedan,Medium,"Turning, Bumps",,Rear suspension squeak,sway,C:\Users\hp\Desktop\car_test\sway\sway-cut\sway_0268_cut.wav,sway_chevrolet_malibu_2017,test
269,sway- 269,,Nissan,Sentra,2012,Gas,Sedan,Medium,Unknown,,Dealer is just as clueless as I am,sway,C:\Users\hp\Desktop\car_test\sway\sway-cut\sway_0269_cut.wav,sway_nissan_sentra_2012,val
270,sway- 270,,Saturn,vue,Unknown,Gas,Unknown,High,Unknown,,What's causing this clunking?,sway,C:\Users\hp\Desktop\car_test\sway\sway-cut\sway_0270_cut.wav,__unique_sway_862,train
271,sway- 271,,Kia,Optima,2014,Gas,Sedan,Medium,Unknown,,What could be causing this noise?,sway,C:\Users\hp\Desktop\car_test\sway\sway-cut\sway_0271_cut.wav,sway_kia_optima_2014,train
272,sway- 272,,Unknown,Unknown,Unknown,Unknown,Coupe,Medium,Unknown,,85 Camaro suspension squeak,sway,C:\Users\hp\Desktop\car_test\sway\sway-cut\sway_0272_cut.wav,__unique_sway_864,val
273,sway- 273,,Unknown,Unknown,Unknown,Unknown,Unknown,Medium,Unknown,,What could this be?,sway,C:\Users\hp\Desktop\car_test\sway\sway-cut\sway_0273_cut.wav,__unique_sway_865,val
274,sway- 274,,Unknown,Unknown,Unknown,Unknown,Unknown,Medium,Unknown,,Squeaking coming from front driver’s side?,sway,C:\Users\hp\Desktop\car_test\sway\sway-cut\sway_0274_cut.wav,__unique_sway_866,train
275,sway- 275,,Volkswagen,GTI,2016,Gas,Unknown,Medium,Unknown,,Squeak coming from suspension?,sway,C:\Users\hp\Desktop\car_test\sway\sway-cut\sway_0275_cut.wav,sway_volkswagen_gti_2016,val
276,sway- 276,,Unknown,Unknown,Unknown,Unknown,Unknown,High,Bumps,,"Odd Clunking Noise and ""Bird"" Like Squeaking",sway,C:\Users\hp\Desktop\car_test\sway\sway-cut\sway_0276_cut.wav,__unique_sway_868,train
277,sway- 277,,Unknown,Unknown,Unknown,Unknown,Unknown,Medium,Turning,,What is causing this rattling sound only when I accelerate out of a left turn?,sway,C:\Users\hp\Desktop\car_test\sway\sway-cut\sway_0277_cut.wav,__unique_sway_869,train
278,sway- 278,,Dodge,Avenger,2008,Gas,Unknown,Medium,Unknown,,I desperately need your help figuring out this sound!,sway,C:\Users\hp\Desktop\car_test\sway\sway-cut\sway_0278_cut.wav,sway_dodge_avenger_2008,val
279,sway- 279,,Unknown,Unknown,Unknown,Unknown,Unknown,Medium,"Turning, Driving",,Identify this noise!!,sway,C:\Users\hp\Desktop\car_test\sway\sway-cut\sway_0279_cut.wav,__unique_sway_871,test
280,sway- 280,,Ford,Explorer,2016,Gas,SUV,Medium,Unknown,,Front end on 2016 Explorer,sway,C:\Users\hp\Desktop\car_test\sway\sway-cut\sway_0280_cut.wav,sway_ford_explorer_2016,val
281,sway- 281,,Mercedes,W220,Unknown,Gas,Unknown,Medium,Unknown,,Mercedes W220 squeaking when pressing brakes,sway,C:\Users\hp\Desktop\car_test\sway\sway-cut\sway_0281_cut.wav,__unique_sway_873,test
282,sway- 282,,Ford,Fusion,2012,Gas,Sedan,Medium,Unknown,,Weird Noise When Rolling,sway,C:\Users\hp\Desktop\car_test\sway\sway-cut\sway_0282_cut.wav,sway_ford_fusion_2012,train
283,sway- 283,,Volvo,s40,2006,Gas,Unknown,Medium,Unknown,,Really bad squeaking noise on 2006 volvo s40,sway,C:\Users\hp\Desktop\car_test\sway\sway-cut\sway_0283_cut.wav,sway_volvo_s40_2006,train
284,sway- 284,,Ford,Explorer,2020,Gas,SUV,Medium,Unknown,,Sound help needed,sway,C:\Users\hp\Desktop\car_test\sway\sway-cut\sway_0284_cut.wav,sway_ford_explorer_2020,train
285,sway- 285,,Fiat,500c,2012,Gas,Unknown,High,Driving,,What is causing this noise?,sway,C:\Users\hp\Desktop\car_test\sway\sway-cut\sway_0285_cut.wav,sway_fiat_500c_2012,train
286,sway- 286,,Unknown,Unknown,Unknown,Unknown,Unknown,Medium,Unknown,,Need some opinions ( noises),sway,C:\Users\hp\Desktop\car_test\sway\sway-cut\sway_0286_cut.wav,__unique_sway_878,val
287,sway- 287,,Toyota,Sequoia,2005,Gas,Unknown,Medium,Turning,,2005 Toyota Sequoia Steering Rack play,sway,C:\Users\hp\Desktop\car_test\sway\sway-cut\sway_0287_cut.wav,sway_toyota_sequoia_2005,test
288,sway- 288,,Toyota,RAV4,Unknown,Gas,SUV,Medium,Unknown,,Squeaking Coming from Right Rear Wheel,sway,C:\Users\hp\Desktop\car_test\sway\sway-cut\sway_0288_cut.wav,__unique_sway_880,train
289,sway- 289,,Chevrolet,G20,1993,Gas,Van,Medium,Low speed,,What’s the squeak? (1993 Chevy G20),sway,C:\Users\hp\Desktop\car_test\sway\sway-cut\sway_0289_cut.wav,sway_chevrolet_g20_1993,train
290,sway- 290,,Unknown,Unknown,Unknown,Unknown,Unknown,High,Unknown,,Squeaking Coilovers?,sway,C:\Users\hp\Desktop\car_test\sway\sway-cut\sway_0290_cut.wav,__unique_sway_882,val
291,sway- 291,,Chevrolet,Impala,2019,Gas,Sedan,Medium,Unknown,,2019 Impala permier squeaking left front suspension,sway,C:\Users\hp\Desktop\car_test\sway\sway-cut\sway_0291_cut.wav,sway_chevrolet_impala_2019,val
292,sway- 292,,Unknown,Unknown,Unknown,Unknown,Unknown,High,"Turning, Bumps",,Obnoxious squeak when turning and going over bumps,sway,C:\Users\hp\Desktop\car_test\sway\sway-cut\sway_0292_cut.wav,__unique_sway_884,val
293,sway- 293,,Unknown,Unknown,Unknown,Unknown,Unknown,Medium,Unknown,,Squeaking/Cranking noise Identification,sway,C:\Users\hp\Desktop\car_test\sway\sway-cut\sway_0293_cut.wav,__unique_sway_885,train
294,sway- 294,,Unknown,Unknown,Unknown,Unknown,Unknown,Medium,"Driving, Rough roads",,Need help! What is this noise when i drive on rough roads?,sway,C:\Users\hp\Desktop\car_test\sway\sway-cut\sway_0294_cut.wav,__unique_sway_886,val
295,sway- 295,,Unknown,Unknown,Unknown,Unknown,Pickup,High,Unknown,,Horrible clunk noise on a bump,sway,C:\Users\hp\Desktop\car_test\sway\sway-cut\sway_0295_cut.wav,__unique_sway_887,train
296,sway- 296,,Honda,Accord,2007,Gas,Sedan,Medium,Turning,,2007 Honda Accord EX-L V6; croaking/squeaky noise when turning in slow speed and other suspension issues after replacing parts. (Video...,sway,C:\Users\hp\Desktop\car_test\sway\sway-cut\sway_0296_cut.wav,sway_honda_accord_2007,train
297,sway- 297,,Toyota,Tacoma,2024,Gas,Pickup,Medium,Unknown,,2024 Toyota Tacoma TRD Off-Road Front End Ticking/Creaking,sway,C:\Users\hp\Desktop\car_test\sway\sway-cut\sway_0297_cut.wav,sway_toyota_tacoma_2024,train
298,sway- 298,,Subaru,Outback,2022,Gas,Wagon,Medium,Unknown,,Weird Thunk Noises over cracks or bumps on road,sway,C:\Users\hp\Desktop\car_test\sway\sway-cut\sway_0298_cut.wav,sway_subaru_outback_2022,val
299,sway- 299,,Ford,Fusion,2012,Gas,Sedan,Medium,Unknown,,Metal Clanking Noise From (Suspected) Rear Left,sway,C:\Users\hp\Desktop\car_test\sway\sway-cut\sway_0299_cut.wav,sway_ford_fusion_2012,train
300,sway- 300,,Lexus,es300,2000,Gas,Sedan,Medium,Unknown,,Suspension noise 2000 Lexus es300,sway,C:\Users\hp\Desktop\car_test\sway\sway-cut\sway_0300_cut.wav,sway_lexus_es300_2000,train
